商品ＣＤ,商品区分,商品名,商品予定名,売価単価,先生用商品ＣＤ,弁当区分,出力区分,パン箱入数,クラス分け名称1,クラス分けグラム出力区分1,クラス分け名称2,クラス分けグラム出力区分2,クラス分け名称3,クラス分けグラム出力区分3,クラス分け名称4,クラス分けグラム出力区分4,クラス分け名称5,クラス分けグラム出力区分5,修正担当者ＣＤ,修正日
1,1,弁当　園児,赤,88,2,0,1,24,,0,,0,,0,,0,,0,2,2025/09/08 13:37:08
2,0,弁当　先生,赤　先生,30,0,0,1,12,,0,,0,,0,,0,,0,2,2025/09/08 13:37:37
3,1,弁当　先生　実習生　,赤　実習生,0,3,0,1,12,,0,,0,,0,,0,,0,2,2025/09/08 13:37:46
4,0,弁当　先生　保護者,赤　保護者,0,4,0,1,12,,0,,0,,0,,0,,0,2,2025/09/08 13:37:55
13,1,弁当　園児,キャラ,71,14,0,1,24,ごはん,1,,0,,0,,0,,0,2,2025/09/08 13:38:12
14,0,弁当　先生,キャラ　先生,30,0,0,1,12,,0,,0,,0,,0,,0,2,2025/09/08 13:38:22
15,1,弁当　生徒,キャラ（ふたば）,71,16,0,1,24,ごはん用保温箱,1,,0,,0,,0,,0,2,2025/09/08 13:38:31
16,0,弁当　先生,キャラ（ふたば）　先生,30,0,0,1,12,,0,,0,,0,,0,,0,2,2025/09/08 13:39:01
22,1,ビーフシチュー　園児,ビーフシチュー,0,23,1,2,0,ビーフシチュー,0,皿,0,,0,,0,,0,2,2025/09/08 13:39:27
23,1,ビーフシチュー　先生,ビーフシチュー　先生,0,0,1,0,0,,0,,0,,0,,0,,0,2,2025/09/08 13:39:34
24,1,弁当　園児　スープ付き,オレンジ,76,25,1,1,30,,0,,0,,0,,0,,0,2,2025/09/08 13:40:15
25,1,弁当　先生　スープ付き,オレンジ,76,25,1,1,30,,0,,0,,0,,0,,0,2,2025/09/08 13:40:20
26,1,弁当　前日キャンセル30％,弁当　前日キャンセル30％,0,0,1,0,0,,0,,0,,0,,0,,0,2,2025/09/08 13:40:22
27,1,弁当　前日キャンセル50％,弁当　前日キャンセル50％,0,0,1,0,0,,0,,0,,0,,0,,0,2,2025/09/08 13:40:28
28,1,弁当　当日キャンセル50％,弁当　当日キャンセル50％,0,0,1,0,0,,0,,0,,0,,0,,0,2,2025/09/08 13:40:33
29,1,弁当　当日キャンセル100％,弁当　当日キャンセル100％,0,0,1,0,0,,0,,0,,0,,0,,0,2,2025/09/08 13:40:38
30,0,弁当　園児　予備,弁当　園児　予備,0,31,1,0,0,,0,,0,,0,,0,,0,2,2025/09/08 13:40:42
31,0,弁当　園児　検食,弁当　園児　検食,0,0,1,0,0,,0,,0,,0,,0,,0,2,2025/09/08 13:40:52
33,1,パン弁当　園児,赤パン　　,88,34,1,1,24,,0,,0,,0,,0,,0,2,2025/09/08 13:41:14
34,0,パン弁当　先生,赤パン　　先生,30,0,1,1,12,,0,,0,,0,,0,,0,2,2025/09/08 13:41:27
35,1,パン弁当　園児,キャラパン　,71,36,1,1,24,,0,,0,,0,,0,,0,2,2025/09/08 13:41:35
36,0,パン弁当　先生,キャラパン　　先生,30,0,1,1,12,,0,,0,,0,,0,,0,2,2025/09/08 13:41:46
37,1,パン　園児,パンカップ　,0,38,1,1,69,皿,0,,0,,0,,0,,0,2,2025/09/08 13:42:18
38,0,パン　先生,パンカップ　先生,0,0,1,1,0,,0,,0,,0,,0,,0,2,2025/09/08 13:42:26
39,1,お誕生会　園児,お誕生会　,65,40,1,1,18,ランチ,0,,0,,0,,0,,0,2,2025/09/08 13:42:35
40,0,お誕生会　先生,お誕生会　先生,0,0,1,1,0,,0,,0,,0,,0,,0,2,2025/09/08 13:42:50
41,1,七夕ランチ　園児,七夕ランチ　,0,42,1,1,24,,0,,0,,0,,0,,0,2,2025/09/08 13:42:47
42,0,七夕ランチ　先生,七夕ランチ　先生,0,0,1,1,0,,0,,0,,0,,0,,0,2,2025/09/08 13:42:54
43,1,クリスマス　園児,クリスマス,0,44,1,1,24,,0,,0,,0,,0,,0,2,2025/09/08 13:43:00
44,0,クリスマス　先生,クリスマス　先生,0,0,1,1,0,,0,,0,,0,,0,,0,2,2025/09/08 13:43:05
45,1,おひなさま　園児,おひなさま　,0,46,1,1,18,,0,,0,,0,,0,,0,2,2025/09/08 13:43:09
46,0,おひなさま　先生,おひなさま　先生,0,0,1,1,0,,0,,0,,0,,0,,0,2,2025/09/08 13:43:17
49,1,カレー　園児,カレー,0,50,1,2,0,ごはん,1,ルウ,0,皿,0,,0,,0,2,2025/09/08 13:43:26
50,0,カレー　先生,カレー　先生,0,0,1,2,0,,0,,0,,0,,0,,0,2,2025/09/08 13:43:30
52,1,ハヤシ　園児,ハヤシ,0,53,1,2,0,ごはん,1,ルウ,0,皿,0,,0,,0,2,2025/09/05 14:16:31
53,0,ハヤシ　先生,ハヤシ　先生,0,0,1,2,0,ごはん,1,ルウ,0,皿,0,,0,,0,2,2025/09/05 14:16:36
55,1,シチュー　園児,シチュー,0,56,1,2,0,シチュー,0,皿,0,,0,,0,,0,2,2025/09/05 14:16:41
56,0,シチュー　先生,シチュー　先生,0,0,1,2,0,シチュー,0,皿,0,カップ,0,,0,,0,2,2025/09/05 14:16:48
58,1,スープ　園児,スープ,0,59,1,2,0,おわん,0,スープ,0,,0,,0,,0,2,2025/09/05 14:16:54
59,0,スープ　先生,スープ　先生,0,0,1,2,0,カップ,0,スープ,0,,0,,0,,0,2,2025/09/05 14:16:59
60,1,ハーモニィ　園児,ハーモニィ,200,61,1,2,21,ごはん,1,スープ,0,ちゃわん　カップ,0,,0,,0,2,2025/09/08 13:44:09
61,0,ハーモニィ　先生,ハーモニィ　先生,0,0,1,2,0,ごはん,1,スープ,0,ちゃわん　カップ,0,,0,,0,2,2025/09/05 14:18:39
62,1,ピクニック　園児,ピクニック,0,63,1,1,20,,0,,0,,0,,0,,0,2,2025/09/08 13:44:23
63,0,ピクニック　先生,ピクニック　先生,0,0,1,1,15,,0,,0,,0,,0,,0,2,2025/09/08 16:44:52
64,1,クッキング　園児,クッキング,0,65,1,1,0,,0,,0,,0,,0,,0,2,2025/09/08 16:44:16
65,0,クッキング　先生,クッキング　先生,0,0,1,0,0,,0,,0,,0,,0,,0,2,2025/09/08 16:45:18
66,1,バイキング　園児,バイキング,0,67,1,2,0,おにぎり①,0,おにぎり②,0,麺類,0,おかず①,0,おかず②,0,2,2025/09/05 13:14:07
67,0,バイキング　先生,バイキング　先生,0,0,1,2,0,皿,0,,0,,0,,0,,0,2,2025/09/08 13:44:49
90,1,豚汁　園児,豚汁,0,0,1,2,0,豚汁,0,おわん,0,,0,,0,,0,2,2025/09/08 13:45:24
91,0,豚汁　先生,豚汁　先生,0,0,1,2,0,豚汁,0,おわん,0,,0,,0,,0,2,2025/09/08 13:45:29
93,1,寿司飯　園児,寿司飯,0,94,1,2,0,寿司飯,1,,0,,0,,0,,0,2,2025/09/08 13:45:41
94,0,寿司飯　先生,寿司飯　先生,0,0,1,2,0,寿司飯,1,皿,0,,0,,0,,0,2,2025/09/08 13:45:46
96,1,ごはん　園児,ごはん,0,97,1,2,0,ごはん,1,,0,,0,,0,,0,2,2025/09/08 13:45:59
97,0,ごはん　先生,ごはん　先生,0,0,1,2,0,,0,,0,,0,,0,,0,2,2025/09/08 13:46:09
98,1,おにぎり　園児,おにぎり,0,99,1,1,0,,0,,0,,0,,0,,0,2,2025/09/08 13:46:14
99,0,おにぎり　先生,おにぎり　先生,0,0,1,1,0,,0,,0,,0,,0,,0,2,2025/09/08 13:46:20
100,1,試食　,試食　,0,101,1,1,0,,0,,0,,0,,0,,0,2,2025/09/08 13:46:25
101,0,試食　先生,試食　先生,0,0,1,1,0,,0,,0,,0,,0,,0,2,2025/09/08 13:46:30
102,1,朝食　園児,朝食,0,103,1,2,0,,0,,0,,0,,0,,0,2,2025/09/08 13:46:35
103,0,朝食　先生,朝食　先生,0,0,1,2,0,,0,,0,,0,,0,,0,2,2025/09/08 13:46:40
104,1,昼食　園児,昼食,0,105,1,2,0,,0,,0,,0,,0,,0,2,2025/09/08 13:46:44
105,0,昼食　先生,昼食　先生,0,0,1,2,0,,0,,0,,0,,0,,0,2,2025/09/08 13:46:49
106,1,夕食　園児,夕食,0,107,1,2,0,,0,,0,,0,,0,,0,2,2025/09/08 13:46:53
107,0,夕食　先生,夕食　先生,0,0,1,2,0,,0,,0,,0,,0,,0,2,2025/09/08 13:46:58
108,1,デザート　園児,デザート　,0,109,3,0,0,,0,,0,,0,,0,,0,2,2025/09/08 13:47:03
109,0,デザート　先生,デザート　先生,0,0,3,0,0,,0,,0,,0,,0,,0,2,2025/09/08 13:47:07
112,1,ケーキ　園児,ケーキ　,0,113,3,0,0,,0,,0,,0,,0,,0,2,2025/09/08 13:47:29
113,0,ケーキ　先生,ケーキ　先生,0,0,3,0,0,,0,,0,,0,,0,,0,2,2025/09/08 13:47:37
114,1,おやつ,おやつ,0,484,3,0,0,,0,,0,,0,,0,,0,2,2025/09/08 13:47:42
115,1,アーモンド小魚,アーモンド小魚,0,0,3,0,0,アーモンド小魚,0,,0,,0,,0,,0,2,2025/09/08 13:47:49
116,0,味付小魚,味付小魚,0,0,3,2,0,味付小魚,0,,0,,0,,0,,0,2,2025/09/08 13:47:53
117,1,アップルジュース,アップルジュース,0,0,3,0,0,,0,,0,,0,,0,,0,2,2025/09/08 13:47:58
118,1,オレンジジュース,オレンジジュース,0,0,3,0,0,,0,,0,,0,,0,,0,2,2025/09/08 13:48:06
119,1,野菜ジュース,野菜ジュース,0,0,3,0,0,,0,,0,,0,,0,,0,2,2025/09/08 13:48:10
120,1,ミニりんごジュース,ミニりんごジュース,0,0,3,0,0,,0,,0,,0,,0,,0,2,2025/09/08 13:48:15
121,1,プチコンク,プチコンク,0,0,3,0,0,,0,,0,,0,,0,,0,2,2025/09/08 13:48:23
122,1,お茶,お茶,0,0,3,0,0,,0,,0,,0,,0,,0,2,2025/09/08 13:48:28
123,0,牛乳,牛乳,0,0,1,0,0,,0,,0,,0,,0,,0,2,2025/09/08 13:48:34
127,1,ひなあられ,ひなあられ,0,0,3,0,0,,0,,0,,0,,0,,0,2,2025/09/08 13:48:46
128,1,いり大豆,いり大豆,0,0,3,0,0,,0,,0,,0,,0,,0,2,2025/09/08 13:48:51
129,1,フルーツカップ,フルーツカップ,0,0,1,1,69,,0,,0,,0,,0,,0,2,2025/09/08 13:48:56
130,1,みかんゼリー,みかんゼリー,0,0,3,0,0,,0,,0,,0,,0,,0,2,2025/09/08 13:49:01
131,1,節分豆,節分豆,0,0,3,0,0,,0,,0,,0,,0,,0,2,2025/09/08 13:49:06
132,1,サラダカップ,サラダカップ,0,0,2,1,0,,0,,0,,0,,0,,0,2,2025/09/08 16:45:59
134,1,もち米,もち米,0,604,1,0,0,,0,,0,,0,,0,,0,2,2025/09/08 16:46:42
136,1,そうめん,そうめん,0,522,1,2,0,そうめん,1,,0,,0,,0,,0,2,2025/09/08 13:49:29
137,1,ごはんとスープ,ごはんとスープ,0,492,1,2,0,ごはん,1,スープ,0,皿,0,カップ,0,おちゃわん,0,2,2021/01/20 14:25:33
138,1,お弁当,お弁当,0,0,1,0,0,,0,,0,,0,,0,,0,2,2025/09/08 13:49:39
140,1,消費税,消費税,0,0,2,0,0,,0,,0,,0,,0,,0,2,2025/09/08 13:49:48
141,1,チーズ,チーズ,0,0,0,2,0,チーズ,0,,0,,0,,0,,0,2,2025/09/08 13:49:53
148,1,さつま芋,さつま芋,0,0,2,0,0,,0,,0,,0,,0,,0,2,2025/09/08 13:50:08
149,1,すいか,すいか,0,0,1,0,0,,0,,0,,0,,0,,0,2,2025/09/08 13:50:13
150,1,サンドイッチ,サンドイッチ,0,491,1,2,0,,0,,0,,0,,0,,0,2,2025/09/08 13:50:20
151,0,ジャム,ジャム,0,0,2,0,0,,0,,0,,0,,0,,0,2,2025/09/08 13:50:48
152,1,パン,パン,0,503,1,0,0,,0,,0,,0,,0,,0,2,2025/09/08 13:50:52
153,0,ピーナッツバター,ピーナッツバター,0,0,2,0,0,,0,,0,,0,,0,,0,2,2025/09/08 13:50:56
154,0,マヨネーズ,マヨネーズ,0,0,2,0,0,,0,,0,,0,,0,,0,2,2025/09/08 13:51:01
155,0,レタス,レタス,0,0,2,0,0,,0,,0,,0,,0,,0,2,2025/09/08 13:51:06
156,0,チェリー缶,チェリー缶,0,0,1,0,0,,0,,0,,0,,0,,0,2,2025/09/08 13:51:13
157,1,パイン缶,パイン缶,0,0,1,0,0,,0,,0,,0,,0,,0,2,2025/09/08 13:51:18
158,1,もも缶,もも缶,0,0,1,0,0,,0,,0,,0,,0,,0,2,2025/09/08 13:51:32
159,1,みかん缶,みかん缶,0,0,1,0,0,,0,,0,,0,,0,,0,2,2025/09/08 13:51:36
160,1,おかずパック　園児,おかずパック,0,482,1,0,0,,0,,0,,0,,0,,0,2,2025/09/08 13:51:41
162,1,からあげ,からあげ,0,0,1,1,42,,0,,0,,0,,0,,0,2,2025/09/08 16:47:05
163,0,からあげとポテト,からあげとポテト,0,0,2,1,42,,0,,0,,0,,0,,0,2,2025/09/08 16:47:13
164,1,クリームコンフェ,クリームコンフェ,0,0,1,0,0,,0,,0,,0,,0,,0,2,2025/09/08 13:52:00
165,0,クレープ,クレープ,0,0,2,0,0,,0,,0,,0,,0,,0,2,2025/09/08 13:52:04
166,1,チキンナゲット,チキンナゲット,0,0,1,0,0,,0,,0,,0,,0,,0,2,2025/09/08 13:52:09
167,1,おにぎり,おにぎり,0,0,1,1,80,,0,,0,,0,,0,,0,2,2025/09/08 16:47:28
168,1,たこやき,たこやき,0,0,1,1,42,,0,,0,,0,,0,,0,2,2025/09/08 16:47:34
169,1,ドーナッツ　,ドーナツ,0,0,1,1,80,,0,,0,,0,,0,,0,2,2025/09/08 13:52:28
172,0,プチドック,プチドック,0,0,2,0,0,,0,,0,,0,,0,,0,2,2025/09/08 13:53:50
173,1,フランクフルト,フランクフルト,0,0,1,0,0,,0,,0,,0,,0,,0,2,2025/09/08 13:53:56
174,0,ポテト,ポテト,0,0,2,0,0,,0,,0,,0,,0,,0,2,2025/09/08 13:54:00
175,1,焼きそば,焼きそば,0,191,1,2,0,焼きそば,0,皿,0,,0,,0,,0,2,2025/09/08 13:54:04
193,1,管理職,管理職,0,0,0,0,0,,0,,0,,0,,0,,0,2,2025/09/08 13:54:20
194,1,実習生,実習生,0,194,0,0,0,,0,,0,,0,,0,,0,2,2025/09/08 13:54:25
195,1,保護者様用,保護者様用,0,0,0,0,0,,0,,0,,0,,0,,0,2,2025/09/08 13:54:30
196,1,消毒液,消毒液,3500,0,1,0,0,,0,,0,,0,,0,,0,2,2025/09/08 13:54:41
197,1,フルーツ,フルーツ,0,0,1,0,0,,0,,0,,0,,0,,0,2,2025/09/08 13:54:45
198,1,ケーキ,ケーキ,0,0,1,0,0,,0,,0,,0,,0,,0,2,2025/09/08 13:54:51
199,1,特別ランチ　園児用,特別ランチ,0,480,1,1,18,,0,,0,,0,,0,,0,2,2025/09/08 13:55:01
200,1,ごはん用保温箱,ごはん用保温箱,0,0,2,2,0,ごはん,1,,0,,0,,0,,0,2,2025/09/05 13:49:51
201,2,ルー用保温箱,ルー用保温箱,0,0,2,2,0,　　　　　用保温箱,0,,0,,0,,0,,0,2,2025/09/05 13:49:57
202,2,アーモンドミニフィッシュ,アーモンドミニフィッシュ,0,0,2,2,0,ｱｰﾓﾝﾄﾞﾐﾆﾌｨｯｼｭ,0,,0,,0,,0,,0,2,2025/09/05 13:50:05
203,2,ミニフィッシュ,ミニフィッシュ,0,0,2,2,0,ミニフィッシュ,0,,0,,0,,0,,0,2,2025/09/05 13:50:11
204,2,１０ｇチーズ,１０ｇチーズ,0,0,2,2,0,１０ｇチーズ,0,,0,,0,,0,,0,2,2025/09/05 13:50:18
205,2,型抜きチーズ,型抜きチーズ,0,0,2,2,0,型抜きチーズ,0,,0,,0,,0,,0,2,2025/09/05 13:50:25
206,2,おかわり用保温箱　２K,おかわり用保温箱　２K,0,0,2,2,0,おかわり用保温箱,0,,0,,0,,0,,0,2,2025/09/05 13:50:31
207,2,おかわり用保温箱　３K,おかわり用保温箱　３K,0,0,2,2,0,おかわり用保温箱,0,,0,,0,,0,,0,2,2025/09/05 13:50:36
208,2,おかわり用保温箱　４K,おかわり用保温箱　４K,0,0,2,2,0,おかわり用保温箱,0,,0,,0,,0,,0,2,2025/09/05 13:50:42
209,2,おかわり用保温箱　５K,おかわり用保温箱　５K,0,0,2,2,0,おかわり用保温箱,0,,0,,0,,0,,0,2,2025/09/05 13:51:19
210,2,おかわり用保温箱　１K,おかわり用保温箱　１K,0,0,2,2,0,おかわり用保温箱,0,,0,,0,,0,,0,2,2025/09/05 13:50:51
211,2,おかわり用保温箱　１．５K,おかわり用保温箱　１．５K,0,0,2,2,0,おかわり用保温箱,0,,0,,0,,0,,0,2,2025/09/05 13:50:57
212,2,おわかり用保温箱　２．５K,おかわり用保温箱　２．５K,0,0,2,2,0,おかわり用保温箱,0,,0,,0,,0,,0,2,2025/09/05 13:51:30
213,2,ウィンナー,ウィンナー,0,0,2,2,0,ウィンナー,0,,0,,0,,0,,0,2,2025/09/05 13:51:36
214,2,チキンナゲット,チキンナゲット,0,0,2,2,0,チキンナゲット,0,,0,,0,,0,,0,2,2025/09/05 13:51:43
215,2,唐揚,唐揚,0,0,2,2,0,唐揚,0,,0,,0,,0,,0,2,2025/09/05 13:51:48
216,2,くま皿,くま皿,0,0,2,2,0,くま皿,0,,0,,0,,0,,0,2,2025/09/05 13:51:53
217,2,つけもの,つぼ漬け,0,0,2,2,0,つぼ漬け,0,,0,,0,,0,,0,2,2025/09/05 13:51:57
218,2,つけもの,福神漬け,0,0,2,2,0,福神漬け,0,,0,,0,,0,,0,2,2025/09/05 13:52:02
219,2,ピピピチーズ,ピピピチーズ,0,0,2,2,0,ﾋﾟﾋﾟﾋﾟﾁｰｽﾞ,0,,0,,0,,0,,0,2,2025/09/05 13:52:07
220,2,皿,皿,0,0,2,2,0,皿,0,,0,,0,,0,,0,2,2025/09/05 13:52:12
221,2,カップ,カップ,0,0,2,2,0,カップ,0,,0,,0,,0,,0,2,2025/09/05 13:52:17
222,2,ゼリー,ゼリー,0,0,2,2,0,ゼリー,0,,0,,0,,0,,0,2,2025/09/05 13:52:22
223,2,すりおろしゼリー,すりおろしゼリー,0,0,2,2,0,すりおろしｾﾞﾘｰ,0,,0,,0,,0,,0,2,2025/09/05 13:52:28
225,2,スープ,スープ,0,0,2,2,0,スープ,0,おわん,0,,0,,0,,0,2,2025/09/05 13:52:36
226,2,,　　　　　　,0,0,2,2,0,　.,0,,0,,0,,0,,0,2,2025/09/05 13:52:41
227,2,ちゃわん,ちゃわん,0,0,2,2,0,ちゃわん,0,,0,,0,,0,,0,2,2025/09/05 13:52:45
230,1,節分豆　QBB福豆5ｇ,節分豆　QBB福豆5ｇ,0,0,3,2,0,給食用福豆5ｇ,0,,0,,0,,0,,0,2,2025/09/05 13:53:07
231,1,節分豆　肥後福豆10ｇ,節分豆　肥後福豆10ｇ,0,0,3,2,0,給食用福豆10ｇ,0,,0,,0,,0,,0,2,2025/09/05 13:53:13
232,1,節分豆　肥後福豆ﾐｯｸｽ10ｇ,節分豆　肥後福豆ﾐｯｸｽ10ｇ,0,0,3,2,0,肥後福豆ﾐｯｸｽ10ｇ,0,,0,,0,,0,,0,2,2025/09/05 13:53:19
233,1,節分豆　肥後リンカケ10ｇ,節分豆　肥後リンカケ10ｇ,0,0,3,2,0,ミツヤB２０ｇ,0,,0,,0,,0,,0,2,2025/09/05 13:53:26
234,1,節分豆　ミツヤA２２ｇ,節分豆　ミツヤA２２ｇ,0,0,3,2,0,ミツヤA３０ｇ,0,,0,,0,,0,,0,2,2025/09/05 13:53:31
235,1,節分豆　肥後煎り大豆,節分豆　肥後煎り大豆,0,0,3,2,0,肥後煎り大豆,0,,0,,0,,0,,0,2,2025/09/05 13:53:36
236,1,スパゲティ給食,スパゲティ給食,0,237,1,2,0,ｽﾊﾟｹﾞﾃｨ,0,ﾐｰﾄｿｰｽ,0,皿,0,,0,,0,2,2025/09/05 13:53:43
237,1,スパゲティ給食,スパゲティ給食,0,237,1,2,0,ｽﾊﾟｹﾞﾃｨ,0,ﾐｰﾄｿｰｽ,0,皿,0,,0,,0,2,2025/09/05 13:53:51
238,2,豚汁用保温箱,豚汁用保温箱,0,239,2,0,0,豚汁用保温箱,0,おわん,0,,0,,0,,0,2,2025/09/05 13:53:59
240,2,どんぶり給食,どんぶり給食,0,241,2,2,0,ごはん,1,具材,0,汁もの,0,どんぶり,0,おわん,0,7,2025/06/16 13:56:13
241,2,コロッケ,コロッケ,0,0,2,2,0,コロッケ,0,,0,,0,,0,,0,2,2025/09/05 13:54:20
242,2,チキンカツ,チキンカツ,0,0,2,2,0,チキンカツ,0,,0,,0,,0,,0,2,2025/09/05 13:54:24
243,2,オムレツ,オムレツ,0,0,2,2,0,オムレツ,0,,0,,0,,0,,0,2,2025/09/05 13:54:31
244,2,とんかつ,とんかつ,0,0,2,2,0,とんかつ,0,,0,,0,,0,,0,2,2025/09/05 13:54:34
245,2,えだまめ,えだまめ,0,0,2,2,0,えだまめ,0,,0,,0,,0,,0,2,2025/09/05 13:54:42
246,2,お椀 ｶｯﾌﾟ 皿,お椀 ｶｯﾌﾟ 皿,0,0,2,2,0,お椀 ｶｯﾌﾟ 皿,0,,0,,0,,0,,0,2,2025/09/05 13:54:47
247,2,シューマイ,シューマイ,0,0,2,2,0,シューマイ,0,,0,,0,,0,,0,2,2025/09/05 13:54:52
248,2,もち,もち,0,0,2,2,0,もち,0,,0,,0,,0,,0,2,2025/09/05 13:54:56
250,2,給食セット,給食セット,0,0,2,2,0,ごはん,1,スープ,0,食器,0,主菜,0,副菜,0,2,2021/03/25 17:05:59
251,2,スパゲティ,スパゲティ,0,0,2,2,0,スパゲティ,0,,0,,0,,0,,0,2,2025/09/05 13:55:29
252,2,ミートソース,ミートソース,0,0,2,2,0,ミートソース,0,,0,,0,,0,,0,2,2025/09/05 13:55:33
253,2,のり巻きおにぎり,のり巻きおにぎり,0,0,2,2,0,のり巻きおにぎり,0,,0,,0,,0,,0,2,2025/09/05 13:55:37
254,2,わかめおにぎり,わかめおにぎり,0,0,2,2,0,わかめおにぎり,0,,0,,0,,0,,0,2,2025/09/05 13:55:42
255,2,おかわり用おにぎり,おかわり用おにぎり,0,0,2,2,0,おかわり用半俵,0,,0,,0,,0,,0,2,2025/09/05 13:55:45
256,2,ドリンク,ドリンク,0,0,2,2,0,ドリンク,0,,0,,0,,0,,0,2,2025/09/05 13:55:48
257,2,麺,麺,0,0,2,2,0,麺,0,,0,,0,,0,,0,2,2025/09/05 13:55:52
258,2,フルーツ,フルーツ,0,0,2,2,0,フルーツ,0,,0,,0,,0,,0,2,2025/09/05 13:55:54
259,2,ケーキ,ケーキ,0,0,2,2,0,ケーキ,0,,0,,0,,0,,0,2,2025/09/05 13:55:58
260,2,主菜,主菜,0,0,2,2,0,主菜,0,,0,,0,,0,,0,2,2025/09/05 13:56:01
261,2,副菜,副菜,0,0,2,2,0,副菜,0,,0,,0,,0,,0,2,2025/09/05 13:56:04
262,2,汁物,汁物,0,0,2,2,0,スープ,0,,0,,0,,0,,0,2,2025/09/05 13:56:12
301,2,保温箱（大）,保温箱（大）,0,0,2,2,0,,0,,0,,0,,0,,0,2,2025/09/05 13:56:21
302,2,保温箱（小）,保温箱（小）,0,0,2,2,0,,0,,0,,0,,0,,0,2,2025/09/05 13:56:29
303,2,ルー保温箱（小）,ルー保温箱（小）,0,0,2,2,0,,0,,0,,0,,0,,0,2,2025/09/05 13:56:32
304,2,カレー皿,カレー皿,0,0,2,2,0,,0,,0,,0,,0,,0,2,2025/09/05 13:56:34
305,2,先生カレー皿,先生カレー皿,0,0,2,2,0,,0,,0,,0,,0,,0,2,2025/09/05 13:56:37
306,2,寸胴,寸胴,0,0,2,2,0,,0,,0,,0,,0,,0,2,2025/09/05 13:56:40
307,2,ちゃわん,ちゃわん,0,0,2,2,0,,0,,0,,0,,0,,0,2,2025/09/05 13:56:44
308,2,カップ,カップ,0,0,2,2,0,,0,,0,,0,,0,,0,2,2025/09/05 13:58:32
309,2,トレー,トレー,0,0,2,2,0,,0,,0,,0,,0,,0,2,2025/09/05 13:58:38
310,2,しゃもじ,しゃもじ,0,0,2,2,0,,0,,0,,0,,0,,0,2,2025/09/05 13:58:45
311,2,お玉,お玉,0,0,2,2,0,,0,,0,,0,,0,,0,2,2025/09/05 13:59:07
312,2,クリアケース,クリアケース,0,0,2,2,0,,0,,0,,0,,0,,0,2,2025/09/05 13:59:02
313,2,パン箱,パン箱,0,0,2,2,0,,0,,0,,0,,0,,0,2,2025/09/05 13:59:14
314,2,くま,くま,0,0,2,2,0,,0,,0,,0,,0,,0,2,2025/09/05 14:01:28
315,2,ミッフィー,ミッフィー,0,0,2,2,0,,0,,0,,0,,0,,0,2,2025/09/05 14:01:35
316,2,ハムスター,ハムスター,0,0,2,2,0,,0,,0,,0,,0,,0,2,2025/09/05 14:01:40
403,1,牛乳200ｍｌ,牛乳200ｍｌ,0,0,3,0,0,,0,,0,,0,,0,,0,2,2025/09/08 14:00:59
410,1,パンランチ　園児,パンランチ,135,411,1,1,18,くま皿,0,,0,,0,,0,,0,2,2025/09/08 14:01:58
411,1,パンランチ　先生,パンランチ　先生,135,411,1,1,18,くま皿,0,,0,,0,,0,,0,2,2025/09/08 14:02:07
412,0,中仕切り,中仕切り,0,0,1,0,0,,0,,0,,0,,0,,0,2,2025/09/08 14:02:22
413,0,お好み焼き,お好み焼き,0,0,0,0,0,,0,,0,,0,,0,,0,2,2025/09/08 14:02:27
414,2,ゼリー,ゼリー,0,0,4,0,0,,0,,0,,0,,0,,0,2,2025/09/08 14:02:32
415,0,レモンタルト,レモンタルト,0,0,0,0,0,,0,,0,,0,,0,,0,2,2025/09/08 14:02:36
416,0,シークワーシャーゼリー,シークワーシャーゼリー,0,0,0,0,0,,0,,0,,0,,0,,0,2,2025/09/08 14:02:41
417,0,いちごクレープ,いちごクレープ,0,0,0,0,0,,0,,0,,0,,0,,0,2,2025/09/08 14:02:46
418,0,すりおろしゼリー　もも,すりおろしゼリー　もも,0,0,0,0,0,,0,,0,,0,,0,,0,2,2025/09/08 14:02:53
419,0,すりおろしゼリー　りんご,すりおろしゼリー　りんご,0,0,0,0,0,,0,,0,,0,,0,,0,2,2025/09/08 14:02:58
420,1,うどん　園児,うどん,0,421,1,2,0,うどん,0,うどんスープ,0,おわん,0,,0,,0,2,2025/09/08 14:03:04
421,1,うどん　先生,うどん,0,0,1,2,0,うどん,0,スープ,0,おわん,0,,0,,0,2,2025/09/08 14:03:08
422,0,スープ,スープ,0,0,0,0,0,,0,,0,,0,,0,,0,2,2025/09/08 14:03:14
425,0,懇親会子供用,懇親会子供用,0,0,0,0,0,,0,,0,,0,,0,,0,2,2025/09/08 14:03:26
426,0,懇親会大人用,懇親会大人用,0,0,0,0,0,,0,,0,,0,,0,,0,2,2025/09/08 14:03:31
427,0,お子様用,おこさまよう,0,0,0,0,0,,0,,0,,0,,0,,0,2,2025/09/08 14:03:36
430,1,委託,委託,0,431,1,2,0,ごはん,1,,0,,0,,0,,0,2,2025/09/08 14:04:01
431,1,昼食,委託,0,431,1,2,0,ごはん,1,,0,,0,,0,,0,2,2025/09/08 14:04:06
433,0,生徒用　弁当,生徒用　弁当,0,0,0,0,0,,0,,0,,0,,0,,0,2,2025/09/08 14:04:18
434,1,ウインナーパン,ウインナーパン,0,0,1,0,0,,0,,0,,0,,0,,0,2,2025/09/08 14:04:28
435,0,カレーパン,カレーパン,0,0,0,0,0,,0,,0,,0,,0,,0,2,2025/09/08 14:04:34
436,0,天使のほっぺ,天使のほっぺ,0,0,0,0,0,,0,,0,,0,,0,,0,2,2025/09/08 14:04:39
438,0,キャロット紫芋パン,キャロット紫芋パン,0,0,0,0,0,,0,,0,,0,,0,,0,2,2025/09/08 14:04:51
449,1,食育うどん,食育うどん,0,450,1,2,0,皿,0,ちゃわん,0,具材用保温箱,0,スープ用保温箱,0,,0,2,2025/09/08 14:05:09
450,1,食育うどん,食育うどん　先生,0,0,1,2,0,,0,,0,,0,,0,,0,2,2025/09/08 14:05:13
451,0,食育巻き寿司　園児,食育巻き寿司,0,0,0,0,0,,0,,0,,0,,0,,0,2,2025/09/08 14:05:18
452,0,食育巻き寿司　,食育巻き寿司　先生用,0,0,0,0,0,,0,,0,,0,,0,,0,2,2025/09/08 14:05:23
453,0,食育巻き寿司　保護者用,食育巻き寿司　保護者用,0,0,0,0,0,,0,,0,,0,,0,,0,2,2025/09/08 14:59:18
454,1,ハンバーグピザパン,ハンバーグピザパン,0,0,1,0,0,,0,,0,,0,,0,,0,2,2025/09/08 14:05:25
455,0,しましまチョコパン,しましまチョコパン,0,0,0,0,0,,0,,0,,0,,0,,0,2,2025/09/08 14:35:48
456,0,しましまメロンパン,しましまメロンパン,0,0,0,0,0,,0,,0,,0,,0,,0,2,2025/09/08 14:35:52
457,1,おにぎりパック,おにぎりパック,0,603,1,1,42,,0,,0,,0,,0,,0,2,2025/09/08 14:36:09
458,0,焼きおにぎり,焼きおにぎり,0,0,0,1,42,,0,,0,,0,,0,,0,2,2025/09/08 14:37:13
459,0,スイートポテト,スイートポテト,0,0,0,0,0,,0,,0,,0,,0,,0,2,2025/09/08 14:37:19
460,1,食育　園児,食育,0,463,1,0,0,おにぎり,0,おかず①,0,おかず②,0,おかず③,0,おかず④,0,2,2023/06/20 13:25:21
461,0,お皿,お皿,0,0,0,0,0,,0,,0,,0,,0,,0,2,2025/09/08 14:37:27
462,0,送料,送料,0,0,0,0,0,,0,,0,,0,,0,,0,2,2025/09/08 14:37:31
463,1,食育　先生,食育,0,0,1,0,0,,0,,0,,0,,0,,0,2,2025/09/08 14:37:36
464,1,パック弁当　園児,パック弁当,0,465,1,1,20,,0,,0,,0,,0,,0,2,2025/09/08 14:37:44
465,1,パック弁当　先生,パック弁当　先生,0,0,1,1,15,,0,,0,,0,,0,,0,2,2025/09/08 14:37:50
466,1,ハム,ハム,0,0,0,0,0,,0,,0,,0,,0,,0,2,2025/09/08 14:37:54
467,1,ガトーショコラ,ガトーショコラ,0,0,0,0,0,,0,,0,,0,,0,,0,2,2025/09/08 14:37:58
468,1,桜もち,桜もち,0,0,0,0,0,,0,,0,,0,,0,,0,2,2025/09/08 14:38:03
469,0,お弁当用袋,お弁当用袋,0,0,0,0,0,,0,,0,,0,,0,,0,2,2025/09/08 14:38:08
470,1,食育サンドイッチ　園児,食育サンドイッチ,0,471,1,2,0,保温箱,0,皿,0,,0,,0,,0,2,2025/09/08 14:38:12
471,0,食育サンドイッチ　,食育サンドイッチ　先生,0,0,0,0,0,,0,,0,,0,,0,,0,2,2025/09/08 14:38:18
472,0,食育サンドイッチ　保護者さま,食育サンドイッチ　保護者さま,0,0,0,0,0,,0,,0,,0,,0,,0,2,2025/09/08 14:38:23
474,1,節分豆　肥後りんかけ　10ｇ,節分豆　肥後りんかけ10ｇ,0,0,1,0,0,,0,,0,,0,,0,,0,2,2025/09/08 14:38:37
475,1,節分豆　給食用福豆10ｇ,節分豆　10ｇ,0,0,1,0,0,,0,,0,,0,,0,,0,2,2025/09/08 14:38:42
476,1,節分豆　肥後福豆ﾐｯｸｽ10ｇ,節分豆　肥後ﾐｯｸｽ10ｇ,0,0,1,0,0,,0,,0,,0,,0,,0,2,2025/09/08 14:38:48
477,1,節分豆　ミツヤ２０ｇ,節分豆　ミツヤ２０ｇ,0,0,1,0,0,,0,,0,,0,,0,,0,2,2025/09/08 14:38:52
478,1,節分豆　ミツヤ２２ｇ,節分豆　ミツヤ２２ｇ,0,0,1,0,0,,0,,0,,0,,0,,0,2,2025/09/08 14:38:58
479,1,節分豆　肥後煎り大豆,節分豆　肥後煎り大豆,0,0,1,0,0,,0,,0,,0,,0,,0,2,2025/09/08 14:39:04
480,1,特別ランチ　先生用,特別ランチ　,0,0,1,1,18,,0,,0,,0,,0,,0,2,2025/09/08 14:39:10
481,1,ひなあられ,ひなあられ,0,0,3,0,0,,0,,0,,0,,0,,0,2,2025/09/08 14:59:32
483,1,夏祭り,夏祭り,0,0,1,0,0,,0,,0,,0,,0,,0,2,2025/09/08 14:59:42
488,1,野菜,野菜,0,0,1,0,0,,0,,0,,0,,0,0,0,2,2025/09/08 14:39:51
489,1,肉,肉,0,0,1,0,0,,0,,0,,0,,0,,0,2,2025/09/08 14:39:57
490,1,ゼリー　園児,ゼリー　園児,0,602,3,1,0,,0,,0,,0,,0,,0,2,2025/09/08 14:40:06
491,0,サンドイッチ,サンドイッチ,0,0,0,0,0,,0,,0,,0,,0,,0,2,2025/09/08 14:39:14
493,0,値引き,値引き,0,0,0,0,0,,0,,0,,0,,0,,0,2,2025/09/08 14:40:15
494,1,ひなあられセット,ひなあられセット,0,495,3,0,0,,0,,0,,0,,0,,0,2,2025/09/08 14:40:19
495,1,ひなあられセット　先生,ひなあられセット　先生用,0,0,3,0,0,,0,,0,,0,,0,,0,2,2025/09/08 14:40:24
496,1,おかしセット　園児用,おかしセット　,0,497,3,0,0,,0,,0,,0,,0,,0,2,2025/09/08 14:40:39
497,1,おかしセット　先生用,おかしセット　先生用,0,0,3,0,0,,0,,0,,0,,0,,0,2,2025/09/08 14:40:45
500,1,学童　飯有り,学童　飯有り,88,0,0,1,24,,0,,0,,0,,0,,0,2,2025/09/08 14:41:07
501,1,学童　飯無し,学童　飯無し,88,0,0,1,24,,0,,0,,0,,0,,0,2,2025/09/08 14:41:14
502,0,予備,予備,0,503,0,0,0,,0,,0,,0,,0,,0,2,2025/09/08 14:41:21
504,1,節分豆　肥後黒糖豆１０ｇ,節分豆　肥後黒糖豆１０ｇ,0,0,1,0,0,,0,,0,,0,,0,,0,2,2025/09/08 14:41:33
505,1,節分豆　ミツヤミックス１８ｇ,節分豆　ミツヤミックス１８ｇ,0,0,1,0,0,,0,,0,,0,,0,,0,2,2025/09/08 14:41:37
506,0,お別れ会　園児,お別れ会,0,507,1,1,0,,0,,0,,0,,0,,0,2,2025/09/08 14:42:06
507,0,お別れ会　先生,お別れ会　先生,0,0,1,1,0,,0,,0,,0,,0,,0,2,2025/09/08 14:42:00
508,1,弁当　園児（満3歳児）,弁当園児（満3歳児）,88,0,0,1,24,,0,,0,,0,,0,,0,2,2025/09/08 14:45:33
509,0,補助教員,補助教員,0,0,1,0,0,,0,,0,,0,,0,,0,2,2025/09/08 15:00:25
522,1,そうめん,そうめん,0,0,0,0,0,,0,,0,,0,,0,,0,2,2025/09/08 14:46:26
523,1,とうもろこし,とうもろこし,0,0,1,0,0,,0,,0,,0,,0,,0,2,2025/09/08 14:46:31
534,1,配膳給食　園児,配膳スマ,0,535,0,2,0,ごはん,1,スープ,0,皿,0,主菜,0,副菜,0,2,2025/03/21 14:43:14
535,1,配膳給食　先生,配膳給食,0,0,1,2,0,,0,,0,,0,,0,,0,2,2025/09/08 14:46:49
536,1,製造加工費,製造加工費,0,0,0,0,0,,0,,0,,0,,0,,0,2,2025/09/08 14:46:57
537,1,配送費,配送費,0,0,0,0,0,,0,,0,,0,,0,,0,2,2025/09/08 14:47:01
538,1,事務管理費,事務管理費,0,0,0,0,0,,0,,0,,0,,0,,0,2,2025/09/08 14:47:06
539,1,メロンパン,メロンパン,0,0,1,0,0,,0,,0,,0,,0,,0,2,2025/09/08 14:47:11
540,1,ロールパン,ロールパン,0,0,1,0,0,,0,,0,,0,,0,,0,2,2025/09/08 14:47:15
543,1,　,　,0,0,1,2,0,くま皿,0,,0,,0,,0,,0,2,2025/09/08 14:47:34
544,1,クリスマス クッキー　園児,クリスマス　クッキー,0,545,3,0,0,,0,,0,,0,,0,,0,2,2025/09/08 14:47:39
545,1,クリスマス クッキー　先生,クリスマス　クッキー　先生,0,545,3,0,0,,0,,0,,0,,0,,0,2,2025/09/08 14:47:57
548,1,めん給食　園児,めん給食　,100,549,1,2,16,スープ,0,,0,,0,,0,,0,2,2025/09/08 14:48:51
549,1,めん給食　先生,めん給食　先生,100,549,1,2,16,スープ,0,,0,,0,,0,,0,2,2025/09/08 14:48:57
552,1,ミルクロールパン,ミルクロールパン,0,0,1,0,0,,0,,0,,0,,0,,0,2,2025/09/08 14:49:12
553,1,おにぎりとスープ,おにぎりとスープ,0,554,1,2,30,汁用保温箱　大,0,おわん,0,,0,,0,,0,2,2025/09/08 14:49:18
554,1,おにぎりとスープ,おにぎりとスープ,0,0,1,0,0,,0,,0,,0,,0,,0,2,2025/09/08 14:49:23
555,1,どんぶり給食　園児,どんぶり給食,0,556,1,2,0,ごはん,1,具材,0,汁もの,0,どんぶり,0,おわん,0,2,2025/08/08 16:39:31
556,1,どんぶり給食　先生,どんぶり給食　先生,0,556,1,2,0,,0,,0,,0,,0,,0,2,2025/09/08 14:49:29
557,0,調整,調整,0,0,0,0,0,,0,,0,,0,,0,,0,2,2025/09/08 14:49:33
558,1,チーズドッグ,チーズドッグ,0,0,1,0,80,,0,,0,,0,,0,,0,2,2025/09/08 14:49:38
559,1,ワッフル,ワッフル,0,0,1,0,80,,0,,0,,0,,0,,0,2,2025/09/08 14:49:42
560,1,たい焼き（あんこ）,たい焼き（あんこ）,0,0,1,0,80,,0,,0,,0,,0,,0,2,2025/09/08 14:49:50
561,1,たい焼き（カスタード）,たい焼き（カスタード）,0,0,1,0,80,,0,,0,,0,,0,,0,2,2025/09/08 14:49:54
562,1,プリン,プリン,0,0,1,0,0,,0,,0,,0,,0,,0,2,2025/09/08 14:49:58
563,1,自園給食　園児,自園給食,0,564,0,0,0,,0,,0,,0,,0,,0,2,2024/03/19 13:51:56
564,1,自園給食　先生,自園給食　先生,0,0,0,0,0,,0,,0,,0,,0,,0,2,2025/08/08 17:21:48
570,1,節分豆　ヨコイ福豆5ｇ,節分豆　ヨコイ福豆5ｇ,0,0,3,2,0,給食用福豆5ｇ,0,,0,,0,,0,,0,2,2025/09/08 14:53:31
571,1,節分豆　きなこボーロ福豆5ｇ,節分豆　きなこぼーろ福豆5ｇ,0,0,3,2,0,給食用きなこボーロ,0,,0,,0,,0,,0,2,2025/09/08 14:53:38
572,1,節分豆　ｽｲｰﾄﾎﾟﾃﾄ＆ﾌｨｯｼｭ,節分豆　ｽｲｰﾄﾎﾟﾃﾄ＆ﾌｨｯｼｭ,0,0,3,2,0,ｽｲｰﾄﾎﾟﾃﾄ＆ﾌｨｯｼｭ,0,,0,,0,,0,,0,2,2025/09/08 14:53:44
573,1,ミツヤ節分豆10ｇ,ミツヤ節分豆10ｇ,0,0,3,2,0,三種の福豆,0,,0,,0,,0,,0,2,2025/09/08 14:53:48
574,1,節分豆　豆まき用炒り大豆,節分豆　豆まき用炒り大豆,0,0,3,2,0,炒り大豆,0,,0,,0,,0,,0,2,2025/09/08 14:53:53
575,1,配膳給食,配膳ぶろ,0,576,0,2,0,ごはん,1,スープ,0,皿,0,主菜,0,副菜,0,2,2025/03/21 14:45:55
576,1,どこ食,どこ食,0,0,1,2,0,ごはん,1,おかず,0,スープ,0,,0,,0,2,2025/04/01 9:36:24
602,0,ゼリー　先生,ゼリー　先生,0,0,3,0,0,,0,,0,,0,,0,,0,2,2025/09/08 14:54:08
603,1,おにぎりパック,おにぎりパック,0,0,1,0,0,,0,,0,,0,,0,,0,2,2025/09/08 14:54:15
604,1,もち米　先生,もち米　先生,0,0,1,0,0,,0,,0,,0,,0,,0,2,2025/09/08 14:54:20
605,1,給食振り替え分,給食振り替え分,0,606,1,0,0,,0,,0,,0,,0,,0,2,2025/09/08 14:54:25
606,1,給食振り替え分,給食振り替え分,0,0,1,0,0,,0,,0,,0,,0,,0,2,2025/09/08 14:54:30
607,1,給食（夕食）,給食（夕食）,0,608,0,2,0,ごはん,1,スープ,0,皿,0,主菜,0,副菜,0,2,2025/09/08 16:50:53
608,1,給食（夕食）,給食（夕食）,0,0,1,2,0,,0,,0,,0,,0,,0,2,2025/09/08 14:54:38
609,1,給食（朝食）,給食（朝食）,0,610,0,2,0,ごはん,1,スープ,0,皿,0,主菜,0,副菜,0,2,2025/09/08 16:51:07
610,1,給食（朝食）,給食（朝食）,0,0,1,2,0,,0,,0,,0,,0,,0,2,2025/09/08 14:54:45
611,1,セントラル,セントラル,0,612,0,0,0,,0,,0,,0,,0,,0,2,2025/09/08 16:51:20
612,1,セントラル,セントラル,0,0,1,2,0,,0,,0,,0,,0,,0,2,2025/09/08 14:54:55
613,1,コロッケ,コロッケ,0,0,1,0,42,,0,,0,,0,,0,,0,2,2025/09/08 14:55:00
614,1,アジフライ,アジフライ,0,0,1,1,80,,0,,0,,0,,0,,0,2,2025/09/08 16:51:28
615,0,包材,包材,0,0,0,0,0,,0,,0,,0,,0,,0,2,2025/09/08 14:55:10
