得意先ＣＤ,得意先名,得意先名カナ,得意先名略称,郵便番号,住所１,住所２,電話番号,ＦＡＸ,売掛現金区分,電話確認区分,締区分,締日１,締日２,締日３,締日４,支払サイト,支払日,集金区分,請求先ＣＤ,ＷＥＢ表示区分,取扱区分,帳票出力順,ＩＤ,パスワード,備考,数量確定フラグ,税区分,軽減税率区分,部署ＣＤ,修正担当者ＣＤ,修正日
1,幼稚園別注,ﾖｳﾁｴﾝﾍﾞｯﾁｭｳ,幼稚園別注,,,,,,1,0,0,99,0,0,0,1,99,1,1,0,0,0,,,,1,0,0,1,2,2025/08/27 16:54:39
11,太宰府小学校　第一学童保育所,ﾀﾞｻﾞｲﾌｼｮｳｶﾞｯｺｳﾀﾞｲｲﾁｶﾞｸﾄﾞｳﾎｲｸｼｮ,太宰府小　学童第一,818-0119,太宰府市連歌屋1-2-2,,092-925-3525,,1,0,0,99,0,0,0,1,99,1,11,0,0,0,,,,1,0,0,1,2,2021/05/21 11:50:55
12,太宰府小学校　第二学童保育所,ﾀﾞｻﾞｲﾌｼｮｳｶﾞｯｺｳ ﾀﾞｲﾆｶﾞｸﾄﾞｳﾎｲｸｼｮ,太宰府小　学童第二,818-0119,太宰府市連歌屋1-2-1,,092-928-5031,,1,0,0,99,0,0,0,1,99,1,12,0,0,0,,,,1,0,0,1,2,2021/05/21 13:54:29
13,太宰府東小学校　第一学童保育所,ﾀﾞｻﾞｲﾌﾋｶﾞｼｼｮｳｶﾞｯｺｳ ﾀﾞｲｲﾁｶﾞｸﾄﾞｳ,太宰府東小　学童第一,818-0121,太宰府市青山3-4-1,,092-925-5299,,1,0,0,99,0,0,0,1,99,1,13,0,0,0,,,,1,0,0,1,2,2021/05/21 11:53:48
14,太宰府東小学校　第二学童保育所,ﾀﾞｻﾞｲﾌﾋｶﾞｼｼｮｳｶﾞｯｺｳ ﾀﾞｲﾆｶﾞｸﾄﾞｳﾎ,太宰府東小　学童第二,818-0121,太宰府市青山3-4-1,,092-929-3038,,1,0,0,99,0,0,0,1,99,1,14,0,0,0,,,,1,0,0,1,2,2021/05/21 11:55:03
15,太宰府南小学校　第一学童保育所,ﾀﾞｻﾞｲﾌﾐﾅﾐｼｮｳｶﾞｯｺｳ ﾀﾞｲｲﾁｶﾞｸﾄﾞｳﾎ,太宰府南小　学童第一,818-0122,太宰府市高雄2-3855,,092-925-6031,,1,0,0,99,0,0,0,1,99,1,15,0,0,0,,,,1,0,0,1,2,2021/05/21 12:00:41
16,太宰府南小学校　第二学童保育所,ﾀﾞｻﾞｲﾌﾐﾅﾐｼｮｳｶﾞｯｺｳ ﾀﾞｲﾆｶﾞｸﾄﾞｳﾎ,太宰府南小　学童第二,818-0122,太宰府市高雄2-3855,,092-925-6936,,1,0,0,99,0,0,0,1,99,1,16,0,0,0,,,,1,0,0,1,2,2021/05/21 11:59:10
17,水城小学校　第一学童保育所,ﾐｽﾞｷｼｮｳｶﾞｯｺｳ ﾀﾞｲｲﾁｶﾞｸﾄﾞｳﾎｲｸｼｮ,水城小　学童第一,818-0101,太宰府市観世音寺3-13-2,,092-925-2777,,1,0,0,99,0,0,0,1,99,1,17,0,0,0,,,,1,0,0,1,2,2021/05/21 12:07:23
18,水城小学校　第二学童保育所,ﾐｽﾞｷｼｮｳｶﾞｯｺｳ ﾀﾞｲﾆｶﾞｸﾄﾞｳﾎｲｸｼｮ,水城小　学童第二,818-0101,太宰府市観世音寺3-13-2,,092-923-3073,,1,0,0,99,0,0,0,1,99,1,18,0,0,0,,,,1,0,0,1,2,2021/05/21 13:54:41
19,水城小学校　第三学童保育所,ﾐｽﾞｷｼｮｳｶﾞｯｺｳ ﾀﾞｲｻﾝｶﾞｸﾄﾞｳﾎｲｸｼｮ,水城小　学童第三,818-0101,太宰府市観世音寺3-13-2,,092-923-3083,,1,0,0,99,0,0,0,1,99,1,19,0,0,0,,,,1,0,0,1,2,2021/05/21 12:37:01
20,水城西小学校　第一学童保育所,ﾐｽﾞｷﾆｼｼｮｳｶﾞｯｺｳ ﾀﾞｲｲﾁｶﾞｸﾄﾞｳﾎｲｸｼ,水城西小　学童第一,818-0135,太宰府市向佐野90,,092-925-5923,,1,0,0,99,0,0,0,1,99,1,20,0,0,0,,,,1,0,0,1,2,2021/05/21 12:40:46
21,水城西小学校　第二学童保育所,ﾐｽﾞｷﾆｼｼｮｳｶﾞｯｺｳ ﾀﾞｲﾆｶﾞｸﾄﾞｳﾎｲｸｼｮ,水城西小　学童第二,818-0135,太宰府市向佐野90,,092-925-6099,,1,0,0,99,0,0,0,1,99,1,21,0,0,0,,,,1,0,0,1,2,2021/05/21 12:43:36
22,水城西小学校　第三学童保育所,ﾐｽﾞｷﾆｼｼｮｳｶﾞｯｺｳ ﾀﾞｲｻﾝｶﾞｸﾄﾞｳﾎｲｸｼ,水城西小　学童第三,818-0135,太宰府市向佐野90,,092-928-5002,,1,0,0,99,0,0,0,1,99,1,22,0,0,0,,,,1,0,0,1,2,2021/05/21 12:45:19
23,太宰府西小学校　第一学童保育所,ﾀﾞｻﾞｲﾌﾆｼｼｮｳｶﾞｯｺｳ ﾀﾞｲｲﾁｶﾞｸﾄﾞｳﾎｲ,太宰府西小　学童第一,818-0134,太宰府市大佐野4-6-30,,092-924-0932,,1,0,0,99,0,0,0,1,99,1,23,0,0,0,,,,1,0,0,1,2,2021/05/21 12:47:43
24,太宰府西小学校　第二学童保育所,ﾀﾞｻﾞｲﾌﾆｼｼｮｳｶﾞｯｺｳ ﾀﾞｲﾆｶﾞｸﾄﾞｳﾎｲｸ,太宰府西小　学童第二,818-0134,太宰府市大佐野4-6-30,,092-924-1516,,1,0,0,99,0,0,0,1,99,1,24,0,0,0,,,,1,0,0,1,2,2021/05/21 12:48:43
25,国分小学校　第一学童保育所,ｺｸﾌﾞｼｮｳｶﾞｯｺｳ ﾀﾞｲｲﾁｶﾞｸﾄﾞｳﾎｲｸｼｮ,国分小　学童第一,818-0132,太宰府市国分5-29-7,,092-924-0542,,1,0,0,99,0,0,0,1,99,1,25,0,0,0,,,,1,0,0,1,2,2021/05/21 12:49:52
26,国分小学校　第二学童保育所,ｺｸﾌﾞｼｮｳｶﾞｯｺｳ ﾀﾞｲﾆｶﾞｸﾄﾞｳﾎｲｸｼｮｺｸ,国分小　学童第二,818-0132,太宰府市国分2-10-1,,092-925-1122,,1,0,0,99,0,0,0,1,99,1,26,0,0,0,,,,1,0,0,1,2,2021/05/21 12:50:45
27,国分小学校　第三学童保育所,ｺｸﾌﾞｼｮｳｶﾞｯｺｳ ﾀﾞｲｻﾝｶﾞｸﾄﾞｳﾎｲｸｼｮ,国分小　学童第三,818-0132,太宰府市国分2-10-1,,092-925-1123,,1,0,0,99,0,0,0,1,99,1,27,0,0,0,,,,1,0,0,1,2,2021/05/21 12:51:47
30,須玖小学校　　チャイルドクラブ,ｽｸ ﾁｬｲﾙﾄﾞ,須玖小　チャイルド,816-0863,春日市須玖南2-71,,092-582-6444,,1,0,0,99,0,0,0,1,99,1,30,0,0,0,,,,1,0,0,1,2,2020/03/17 13:17:24
32,春日小学校　ポケットクラブ,ｶｽｶﾞ ﾎﾟｹｯﾄ,春日小　ポケット,816-0851,春日市昇町1-142,,092-573-4692,,1,0,0,99,0,0,0,1,99,1,32,0,0,0,,,,1,0,0,1,2,2020/03/17 12:58:05
33,春日小学校　ポケット第2クラブ,ｶｽｶﾞ ﾎﾟｹｯﾄﾀﾞｲ2,春日小　ポケット第2,816-0851,春日市昇町1-142,,092-573-4699,,1,0,0,99,0,0,0,1,99,1,33,0,0,0,,,,1,0,0,1,2,2020/03/17 13:12:47
34,春日西小学校　つばめクラブ,ｶｽｶﾞﾆｼ ﾂﾊﾞﾒ,春日西小　つばめ,816-0846,春日市下白水南4-134,,092-572-6522,,1,0,0,99,0,0,0,1,99,1,34,0,0,0,,,,1,0,0,1,7,2020/03/17 15:27:36
35,春日西小学校　つばめ第2クラブ,ｶｽｶﾞﾆｼ ﾂﾊﾞﾒﾀﾞｲ2,春日西小　つばめ第2,816-0846,春日市下白水南4-134,,092-592-1345,,1,0,0,99,0,0,0,1,99,1,35,0,0,0,,,,1,0,0,1,2,2020/03/17 13:12:52
36,天神山小学校　ひかりクラブ,ﾃﾝｼﾞﾝﾔﾏ ﾋｶﾘ,天神山小　ひかり,816-0855,春日市天神山6-39,,092-574-0316,,1,0,0,99,0,0,0,1,99,1,36,0,0,0,,,,1,0,0,1,2,2020/03/17 12:59:54
37,天神山小学校　ひかり第2クラブ,ﾃﾝｼﾞﾝﾔﾏﾋｶﾘﾀﾞｲ2,天神山小　ひかり第2,816-0855,春日市天神山6-39,,092-573-7758,,1,0,0,99,0,0,0,1,99,1,37,0,0,0,,,,1,0,0,1,2,2020/03/17 13:12:57
38,大谷小学校　ひまわりクラブ,ｵｵﾀﾆ ﾋﾏﾜﾘ,大谷小　ひまわり,816-0831,春日市大谷4-1,,092-591-1355,,1,0,0,99,0,0,0,1,99,1,38,0,0,0,,,,1,0,0,1,7,2020/03/17 15:29:13
40,春日南小学校　さくらクラブ,ｶｽｶﾞﾐﾅﾐ ｻｸﾗ,春日南小　さくら,816-0814,春日市春日8-100,,092-595-3377,,1,0,0,99,0,0,0,1,99,1,40,0,0,0,,,,1,0,0,1,2,2020/03/17 13:03:50
41,春日南小学校　さくら第2クラブ,ｶｽｶﾞﾐﾅﾐｻｸﾗﾀﾞｲ2,春日南小　さくら第2,816-0814,春日市春日8-100,,092-595-3436,,1,0,0,99,0,0,0,1,99,1,41,0,0,0,,,,1,0,0,1,2,2020/03/17 13:12:59
42,春日原小学校　たいようクラブ,ｶｽｶﾞﾊﾞﾙﾀｲﾖｳ,春日原小　たいよう,816-0803,春日市春日原南町4-37-1,,092-574-2348,,1,0,0,99,0,0,0,1,99,1,42,0,0,0,,,,1,0,0,1,2,2020/03/17 13:09:46
44,春日東小学校　なかよしクラブ,ｶｽｶﾞﾋｶﾞｼﾅｶﾖｼ,春日東小　なかよし,816-0821,春日市若葉台東1-51,,092-574-2650,,1,0,0,99,0,0,0,1,99,1,44,0,0,0,,,,1,0,0,1,2,2020/03/17 13:09:59
45,春日東小学校　なかよし第2クラブ,ｶｽｶﾞﾋｶﾞｼﾅｶﾖｼﾀﾞｲ2,春日東小　なかよし第2,816-0821,春日市若葉台東1-51,,092-571-3688,,1,0,0,99,0,0,0,1,99,1,45,0,0,0,,,,1,0,0,1,2,2020/03/17 13:13:06
46,春日北小学校　あおぞらクラブ,ｶｽｶﾞｷﾀｱｵｿﾞﾗ,春日北小　あおぞら,816-0861,春日市岡本1-35,,092-592-2692,,1,0,0,99,0,0,0,1,99,1,46,0,0,0,,,,1,0,0,1,2,2020/03/17 13:10:40
48,春日野小学校　つくしんぼクラブ,ｶｽｶﾞﾉﾂｸｼﾝﾎﾞ,春日野小　つくしんぼ,816-0811,春日市春日公園4-1-1,,092-501-7302,,1,0,0,99,0,0,0,1,99,1,48,0,0,0,,,,1,0,0,1,2,2020/03/17 13:11:27
49,春日野小学校　つくしんぼ第2クラブ,ｶｽｶﾞﾉﾂｸｼﾝﾎﾞﾀﾞｲ2,春日野小つくしんぼ第2,816-0811,春日市春日公園4-1-1,,092-582-8680,,1,0,0,99,0,0,0,1,99,1,49,0,0,0,,,,1,0,0,1,2,2020/03/17 13:13:21
50,日の出小学校　コスモクラブ,ﾋﾉﾃﾞｺｽﾓ,日の出小　コスモ,816-0873,春日市日の出町3-1-10,,092-585-2883,,1,0,0,99,0,0,0,1,99,1,50,0,0,0,,,,1,0,0,1,2,2020/03/17 13:13:46
52,白水小学校　スマイルクラブ,ｼﾛｳｽﾞスマイル,白水小　スマイル,816-0845,春日市白水ヶ丘1-100,,092-581-2450,,1,0,0,99,0,0,0,1,99,1,52,0,0,0,,,,1,0,0,1,7,2020/03/17 15:33:41
61,立花小学校　学童保育所,ﾀﾁﾊﾞﾅｼｮｳｶﾞｯｺｳ ｶﾞｸﾄﾞｳﾎｲｸｼｮ,立花小　学童,811-0102,糟屋郡新宮町大字立花口1072-3,,092-963-0450,,1,0,0,99,0,0,0,1,99,1,61,0,0,0,,,,1,0,0,1,2,2021/05/21 10:55:00
62,新宮小学校　学童保育所第一・第二・第三,ｼﾝｸﾞｳｼｮｳｶﾞｯｺｳ ｶﾞｸﾄﾞｳﾎｲｸｼｮﾀﾞｲｲﾁ,新宮小学校　学童,811-0112,糟屋郡新宮町下府3-12,,092-962-4139,,1,0,0,99,0,0,0,1,99,1,62,0,0,0,,,,1,0,0,1,2,2021/05/21 13:54:52
63,新宮東小学校　学童保育所第一・第二,ｼﾝｸﾞｳﾋｶﾞｼｼｮｳｶﾞｯｺｳ ｶﾞｸﾄﾞｳﾎｲｸｼｮﾀ,新宮東小　学童,811-0117,糟屋郡新宮町新宮東4-8-1,,092-963-1131,,1,0,0,99,0,0,0,1,99,1,63,0,0,0,,,,1,0,0,1,2,2021/05/21 10:57:34
64,新宮北小学校　学童保育所第一・第二・第三・第四,ｼﾝｸﾞｳｷﾀｼｮｳｶﾞｯｺｳ ｶﾞｸﾄﾞｳﾎｲｸｼｮﾀﾞｲ,新宮北小　学童,811-0123,糟屋郡新宮町上府北1-16-1,,092-963-1712,092-963-1713,1,0,0,99,0,0,0,1,99,1,64,0,0,0,,,,1,0,0,1,2,2021/05/21 11:00:04
71,南畑小学校　学童保育所,ﾐﾅﾐﾊﾀｼｮｳｶﾞｯｺｳ ｶﾞｸﾄﾞｳﾎｲｸｼｮ,南畑小　学童,811-1232,那珂川市大字埋金530-1,,092-953-3660,,1,0,0,99,0,0,0,1,99,1,71,0,0,0,,,,1,0,0,1,2,2021/05/21 11:08:56
72,岩戸小学校　学童保育所A・B,ｲﾜﾄｼｮｳｶﾞｯｺｳ ｶﾞｸﾄﾞｳﾎｲｸｼｮA･B,岩戸小　学童,811-1242,那珂川市大字西隈2-6-45,,092-953-1768,,1,0,0,99,0,0,0,1,99,1,72,0,0,0,,,,1,0,0,1,2,2021/05/21 11:11:02
73,岩戸北小学校　学童保育A・B・C,ｲﾜﾄｷﾀｼｮｳｶﾞｯｺｳ ｶﾞｸﾄﾞｳﾎｲｸA･B･C,岩戸北小　学童,811-1255,那珂川市恵子1-1-1,,092-953-3141,,1,0,0,99,0,0,0,1,99,1,73,0,0,0,,,,1,0,0,1,2,2021/05/21 11:12:49
74,安徳小学校　学童保育所A・B・C,ｱﾝﾄｸｼｮｳｶﾞｯｺｳ ｶﾞｸﾄﾞｳﾎｲｸｼｮA･B･C,安徳小　学童,811-1251,那珂川市松木2-134,,092-953-1766,,1,0,0,99,0,0,0,1,99,1,74,0,0,0,,,,1,0,0,1,2,2021/05/21 11:14:59
75,安徳北小学校　学童保育所A・B・Ｃ,ｱﾝﾄｸｷﾀｼｮｳｶﾞｯｺｳ ｶﾞｸﾄﾞｳﾎｲｸｼｮABC,安徳北小　学童,811-1252,那珂川市五郎丸1-11,,092-952-8147,,1,0,0,99,0,0,0,1,99,1,75,0,0,0,,,,1,0,0,1,2,2021/05/21 13:55:08
76,片縄小学校　学童保育所A・第二B・第三Ｃ,ｶﾀﾅﾜｼｮｳｶﾞｯｺｳ ｶﾞｸﾄﾞｳﾎｲｸｼｮAﾀﾞｲ,片縄小　学童,811-1203,那珂川市片縄北1-15-2,,092-952-8133,,1,0,0,99,0,0,0,1,99,1,76,0,0,0,,,,1,0,0,1,2,2021/05/21 11:33:23
77,安徳南小学校　学童保育所A・B・Ｃ,ｱﾝﾄｸﾐﾅﾐｼｮｳｶﾞｯｺｳ ｶﾞｸﾄﾞｳﾎｲｸｼｮA･B,安徳南小　学童,811-1223,那珂川市上梶尾1-1-2,,092-953-6221,,1,0,0,99,0,0,0,1,99,1,77,0,0,0,,,,1,0,0,1,2,2021/05/21 11:34:53
90,ペコフリー,ﾍﾟｺﾌﾘｰ,ペコフリー,815-0032,福岡県福岡市南区塩原1-28-1,"
LuneAyla",092-292-7997,,1,0,0,99,0,0,0,1,99,1,90,0,0,0,,,,1,0,0,1,2,2025/09/08 11:37:12
91,テノ・サポート,ﾃﾉ･ｻﾎﾟｰﾄ,テノ・サポート,812-0036,福岡市博多区上呉服町10-10,呉服町ビジネスセンター5階,,,1,0,0,99,0,0,0,1,99,1,91,0,0,0,,,,1,0,0,1,6,2022/09/03 11:45:23
92,ペコフリー,ﾍﾟｺﾌﾘｰ,ペコフリー,815-0032,福岡県福岡市南区塩原1-28-1,"
LuneAyla(リュネアイラ)",092-292-7997,,1,0,0,99,0,0,0,1,99,1,92,0,0,0,,,,1,0,0,1,2,2025/09/08 11:18:39
95,博多学園　志明館,ハカタガクエン ｼﾒｲｶﾝ,博多学園志明館,813-0041,福岡県福岡市東区水谷１丁目２１番１号," ",092-410-1450," ",1,0,0,99,0,0,0,2,99,1,95,0,0,0,,,,0,0,0,1,6,2019/10/30 9:38:49
96,博多学園,ハカタガクエン,博多学園,813-0041,福岡県福岡市東区水谷１丁目２１番１号," ",092-671-6319," ",1,0,0,99,0,0,0,2,99,1,96,0,0,0,,,,0,0,0,1,6,2019/10/07 13:24:11
97,博多メディカル専門学校（現金）,ハカタメディカル,博多メディカル,812-0044,福岡県福岡市博多区千代4-32-1-,,092-651-8001,,1,0,0,99,0,0,0,0,99,1,97,0,0,500,,,,1,0,0,1,6,2019/10/30 9:39:00
98,博多メディカル専門学校,ハカタメディカル,博多メディカル専門学校,812-0044,福岡県福岡市博多区千代4-32-1-,,092-651-8001,,1,0,0,99,0,0,0,1,99,1,98,0,0,500,,,,1,0,0,1,6,2019/10/30 9:39:07
99,博多高等学校,ハカタコウコウ,博多高等学校,813-0041,福岡県福岡市東区水谷１丁目２１番１号,,092-681-0331,,1,0,0,99,0,0,0,2,99,1,99,0,0,0,,,,1,0,0,1,6,2019/10/30 9:39:18
100,博多のびっこ幼稚園　週3ｺｰｽ,ハカタノビッコ ｼｭｳ3ｺｰｽ,博多のびっこ幼稚園　週3ｺｰｽ,811-3425,福岡県宗像市日の里７−１８−１,,0940-36-7473,0940-36-7382,1,0,0,99,0,0,0,2,99,1,100,0,0,20,,,,1,0,0,1,2,2025/09/02 12:00:52
101,博多のびっこ幼稚園（別注）,ハカタノビッコ,博多のびっこ幼稚園（別注）,,,,0940-36-7473,0940-36-7382,1,0,0,99,0,0,0,2,99,1,101,0,0,21,,,,1,0,0,1,6,2019/10/30 9:24:33
102,博多のびっこ幼稚園　リトルプレイルーム,ハカタノビッコリトル,博多のびっこ幼稚園　リトルプレイルーム,,,,0940-36-7473,0940-36-7382,1,0,0,99,0,0,0,2,99,1,102,0,0,22,,,,1,0,0,1,6,2019/10/30 9:24:40
103,博多のびっこ幼稚園　ふれあい,フレアイ,博多のびっこ幼稚園　ふれあい,,,,0940-36-7473,0940-36-7382,1,0,0,99,0,0,0,2,99,1,103,0,0,23,,,,1,0,0,1,6,2019/10/30 9:24:46
104,博多のびっこ幼稚園　のびっこクラブ,ノビッコｸﾗﾌﾞ,博多のびっこ幼稚園　のびっこク,,,,0940-36-7473,0940-36-7382,1,0,0,99,0,0,0,2,99,1,104,0,0,24,,,,1,0,0,1,6,2019/10/30 9:24:53
105,博多のびっこ幼稚園　星組,ﾊｶﾀﾉﾋﾞｯｺﾖｳﾁｴﾝ ﾎｼｸﾞﾐ,博多のびっこ　星組,811-3425,福岡県宗像市日の里7-18-1,,0940-36-7473,0940-36-7382,1,0,0,99,0,0,0,2,99,1,105,0,0,25,,,,1,0,0,1,6,2019/10/30 9:24:59
106,博多のびっこ幼稚園　週5ｺｰｽ,ﾊｶﾀﾉﾋﾞｯｺｼｭｳ5ｺｰｽ,博多のびっこ　週5ｺｰｽ,811-3425,福岡県宗像市日の里7-18-1,,0940-36-7473,0940-36-7382,1,0,0,99,0,0,0,2,99,1,106,0,0,20,,,"
",1,0,0,1,2,2025/09/08 11:24:02
107,博多のびっこ幼稚園（補助教員）,ハカタノビッコ (ﾎｼﾞｮｷｮｳｲﾝ),博多のびっこ（補助教員）,811-3425,福岡県宗像市日の里７−１８−１,,0940-36-7473,0940-36-7382,1,0,0,99,0,0,0,2,99,1,107,0,0,20,,,,1,0,0,1,6,2019/10/30 9:25:10
108,博多のびっこ幼稚園（別注2）,ハカタノビッコ2,博多のびっこ幼稚園（別注2）,,,,0940-36-7473,0940-36-7382,1,0,0,99,0,0,0,2,99,1,108,0,0,21,,,,1,0,0,1,6,2019/10/30 9:25:16
200,博多南幼稚園　週3ｺｰｽ,ハカタミナミ ｼｭｳ3ｺｰｽ,博多南　週3ｺｰｽ,811-0215,福岡県福岡市東区高美台２−２５−１,,092-606-8217,092-606-8850,1,0,0,99,0,0,0,2,99,1,200,0,0,50,,,,1,0,0,1,2,2025/09/10 14:02:26
201,博多南幼稚園（別注）,ハカタミナミ(別注),博多南幼稚園（別注）,,,,092-606-8217,092-606-8850,1,0,0,99,0,0,0,2,99,1,201,0,0,51,,,,1,0,0,1,6,2019/10/30 9:25:33
202,博多南幼稚園　リトルプレイルーム,ハカタミナミリトル,博多南幼稚園　リトルプレイルーム,,,,092-606-8217,092-606-8850,1,0,0,99,0,0,0,2,99,1,202,0,0,51,,,,1,0,0,1,6,2019/10/30 9:25:37
203,博多南幼稚園（別注2）,ハカタミナミﾍﾞｯﾁｭｳ2,博多南幼稚園（別注2）,,,,092-606-8217,092-606-8850,1,0,0,99,0,0,0,2,99,1,203,0,0,51,,,,1,0,0,1,6,2019/10/30 9:25:44
204,博多南幼稚園（別注3）,ハカタミナミ(別注3),博多南幼稚園（別注3）,,,,092-606-8217,092-606-8850,1,0,0,99,0,0,0,2,99,1,204,0,0,51,,,,1,0,0,1,7,2024/02/01 14:22:08
205,博多南幼稚園　フレンズルーム,ハカタミナミ ﾌﾚﾝｽﾞﾙｰﾑ,博多南幼稚園　フレンズルーム,811-0215,福岡県福岡市東区高美台２−２５−１,,092-606-8217,092-606-8850,1,0,0,99,0,0,0,2,99,1,205,0,0,50,,,,1,0,0,1,2,2025/09/02 12:01:42
206,博多南幼稚園　週5ｺｰｽ,ハカタミナミ ｼｭｳ5ｺｰｽ,博多南　週5ｺｰｽ,811-0215,福岡県福岡市東区高美台２−２５−１,,092-606-8217,092-606-8850,1,0,0,99,0,0,0,2,99,1,206,0,0,50,検食,-1,,1,0,0,1,2,2025/09/10 14:02:33
207,博多南幼稚園（補助教員）,ハカタミナミ(ﾎｼﾞｮｷｮｳｲﾝ),博多南（補助教員）　web,811-0215,福岡県福岡市東区高美台２−２５−１,,092-606-8217,092-606-8850,1,0,0,99,0,0,0,2,99,1,207,0,0,50,,,,1,0,0,1,2,2025/09/10 15:59:12
300,博多東幼稚園,ハカタヒガシ,博多東幼稚園,811-0121,福岡県糟屋郡新宮町美咲2丁目17-1,,092-962-0321,092-963-1199,1,0,0,99,0,0,0,2,99,1,300,0,0,40,,,,1,0,0,1,6,2019/12/27 10:45:24
301,博多東幼稚園（別注）,ハカタヒガシ,博多東幼稚園（別注）,811-0121,福岡県糟屋郡新宮町美咲2丁目17-1,,092-962-0321,092-963-1199,1,0,0,99,0,0,0,2,99,1,301,0,0,0,,,,1,0,0,1,6,2019/12/27 10:45:32
302,博多東幼稚園　リトルプレイルーム,ハカタヒガシリトル,博多東幼稚園　リトルプレイルーム,,,,092-962-0321,092-963-1199,1,0,0,99,0,0,0,2,99,1,302,0,0,0,,,,1,0,0,1,6,2019/12/27 10:45:38
303,博多東幼稚園　ピータールーム,ヒガシピーター,博多東幼稚園　ピータールーム,,,,092-962-0321,092-963-1199,1,0,0,99,0,0,0,2,99,1,303,0,0,43,,,,0,0,0,1,6,2019/12/27 10:45:44
305,認定こども園博多東幼稚園,ヒガシﾆﾝﾃｲｺﾄﾞﾓｴﾝ,認定こども園博多東幼稚園　,,,,092-962-0321,092-963-1199,1,0,0,99,0,0,0,2,99,1,303,0,0,30005,,,,0,0,0,1,7,2023/06/21 15:03:19
400,博多中央幼稚園　週3ｺｰｽ,ハカタチュウオウ ｼｭｳ3ｺｰｽ,博多中央　週3ｺｰｽ,813-0014,福岡県福岡市東区香椎台１−５−２２,,092-681-3131,092-681-3134,1,0,0,99,0,0,0,2,99,1,400,0,0,70,,,,1,0,0,1,2,2025/09/10 14:02:41
401,博多中央幼稚園（別注）,ハカタチュウオウ ﾍﾞｯﾁｭｳ,博多中央幼稚園（別注）,,,,092-681-3131,092-681-3134,1,0,0,99,0,0,0,2,99,1,401,0,0,71,,,,1,0,0,1,6,2019/10/30 9:29:54
402,博多中央幼稚園　リトルプレイルーム,ハカタチュウオウリトル,博多中央幼稚園　リトルプレイルーム,,,,092-681-3131,092-681-3134,1,0,0,99,0,0,0,2,99,1,402,0,0,71,,,,1,0,0,1,6,2019/10/30 9:30:01
403,博多中央幼稚園　キラキラルーム,ﾊｶﾀﾁｭｳｵｳﾖｳﾁｴﾝ ｷﾗｷﾗﾙｰﾑ,博多中央幼稚園　キラキラルーム,813-0014,福岡県福岡市東区香椎台1-5-22,,092-681-3131,092-681-3134,1,0,0,99,0,0,0,2,99,1,403,0,0,70,,,,1,0,0,1,2,2025/09/02 12:05:56
404,博多中央幼稚園（別注2）,ハカタチュウオウ ﾍﾞｯﾁｭｳ2,博多中央（別注2）,,,,092-681-3131,092-681-3134,1,0,0,99,0,0,0,2,99,1,404,0,0,71,,,,1,0,0,1,2,2025/09/10 14:02:52
406,博多中央幼稚園　週5ｺｰｽ,ハカタチュウオウ ｼｭｳ5ｺｰｽ,博多中央　週5ｺｰｽ,813-0014,福岡県福岡市東区香椎台１−５−２２,,092-681-3131,092-681-3134,1,0,0,99,0,0,0,2,99,1,406,0,0,70,検食,-1,,1,0,0,1,2,2025/09/10 14:02:59
407,博多中央幼稚園（補助教員）,ハカタチュウオウ(ﾎｼﾞｮｷｮｳｲﾝ),博多中央（補助教員）　web,813-0014,福岡県福岡市東区香椎台１−５−２２,,092-681-3131,092-681-3134,1,0,0,99,0,0,0,2,99,1,407,0,0,70,,,,1,0,0,1,2,2025/09/10 15:59:21
500,博多幼稚園　週3ｺｰｽ,ハカタ ｼｭｳ3ｺｰｽ,博多　週3ｺｰｽ,813-0042,福岡県福岡市東区舞松原５−７−５,,092-681-1107,092-671-6231,1,0,0,99,0,0,0,2,99,1,500,0,0,80,,,,1,0,0,1,2,2025/09/10 14:03:08
501,博多幼稚園（別注）,ハカタ,博多幼稚園（別注）,,,,092-681-1107,092-671-6231,1,0,0,99,0,0,0,2,99,1,501,0,0,81,,,,1,0,0,1,6,2019/10/30 9:30:38
502,博多幼稚園　リトルプレイルーム,ハカタリトル,博多幼稚園　リトルプレイルーム,,,,092-681-1107,092-671-6231,1,0,0,99,0,0,0,2,99,1,502,0,0,81,,,,1,0,0,1,6,2019/10/30 9:30:43
503,博多幼稚園　ぴよぴよランド,ﾊｶﾀﾖｳﾁｴﾝ ﾋﾟﾖﾋﾟﾖﾗﾝﾄﾞ,博多幼稚園　ぴよぴよランド,,,,092-681-1107,092-671-6231,1,0,0,99,0,0,0,2,99,1,503,0,0,81,,,,1,0,0,1,2,2025/09/02 12:06:24
504,博多幼稚園（別注2）,ハカタ2,博多（別注2）,,,,092-681-1107,092-671-6231,1,0,0,99,0,0,0,2,99,1,504,0,0,81,,,,1,0,0,1,2,2025/09/10 14:03:13
505,博多幼稚園　きらきらルーム,ハカタ  ｷﾗｷﾗﾙｰﾑ,博多幼稚園　きらきらルーム,813-0042,福岡県福岡市東区舞松原５−７−５,,092-681-1107,092-671-6231,1,0,0,99,0,0,0,2,99,1,505,0,0,80,,,,1,0,0,1,2,2025/09/02 12:06:39
506,博多幼稚園　週5ｺｰｽ,ハカタ ｼｭｳ5ｺｰｽ,博多　週5ｺｰｽ,813-0042,福岡県福岡市東区舞松原５−７−５,,092-681-1107,092-671-6231,1,0,0,99,0,0,0,2,99,1,506,0,0,80,検食,-1,"
",1,0,0,1,2,2025/09/10 14:03:19
507,博多幼稚園（補助教員）,ハカタ ｼｭｳ(ﾎｼﾞｮｷｮｳｲﾝ),博多（補助教員）　web,813-0042,福岡県福岡市東区舞松原５−７−５,,092-681-1107,092-671-6231,1,0,0,99,0,0,0,2,99,1,507,0,0,80,,,,1,0,0,1,2,2025/09/10 15:59:26
600,博多第一幼稚園　週3ｺｰｽ,ハカタダイイチ ｼｭｳｼｭｳ3ｺｰｽ,博多第一　週3ｺｰｽ,811-2201,福岡県糟屋郡志免町桜丘１−２８,,092-936-0200,092-936-1114,1,0,0,99,0,0,0,2,99,1,600,0,0,110,,,,1,0,0,1,2,2025/09/10 14:03:31
601,博多第一幼稚園（別注）,ハカタダイイチ,博多第一幼稚園（別注）,,,,092-936-0200,092-936-1114,1,0,0,99,0,0,0,2,99,1,601,0,0,111,,,,1,0,0,1,6,2019/10/30 9:31:40
602,博多第一幼稚園　ﾘﾄﾙﾌﾟﾚｲﾙｰﾑ,ハカタダイイチリトルﾘﾄﾙﾌﾟﾚｲﾙｰﾑ,博多第一幼稚園　ﾘﾄﾙﾌﾟﾚｲﾙｰﾑ,,,,092-936-0200,092-936-1114,1,0,0,99,0,0,0,2,99,1,602,0,0,111,,,,1,0,0,1,6,2019/10/30 9:31:45
603,博多第一幼稚園　別注2,ﾊｶﾀﾀﾞｲｲﾁ ﾍﾞｯﾁｭｳ2,博多第一幼稚園　(別注2),,,,,,1,0,0,99,0,0,0,2,99,1,603,0,0,110,,,,1,0,0,1,2,2025/09/02 12:07:21
604,博多第一幼稚園　別注3,ﾊｶﾀﾀﾞｲｲﾁ ﾍﾞｯﾁｭｳ3,博多第一幼稚園　(別注3),,,,,,1,0,0,99,0,0,0,2,99,1,604,0,0,110,,,,1,0,0,1,2,2025/09/02 12:07:44
605,博多第一幼稚園　スターズルーム,ハカタダイイチ ｽﾀｰｽﾞﾙｰﾑ,博多第一幼稚園　スターズルーム,811-2201,福岡県糟屋郡志免町桜丘１−２８,,092-936-0200,092-936-1114,1,0,0,99,0,0,0,2,99,1,605,0,0,110,,,,1,0,0,1,2,2025/09/02 12:09:01
606,博多第一幼稚園　週5ｺｰｽ,ハカタダイイチ ｼｭｳ5ｺｰｽ,博多第一　週5ｺｰｽ,811-2201,福岡県糟屋郡志免町桜丘１−２８,,092-936-0200,092-936-1114,1,0,0,99,0,0,0,2,99,1,606,0,0,110,検食,-1,"
",1,0,0,1,2,2025/09/10 14:03:50
607,博多第一幼稚園（補助教員）,ハカタダイイチ(ﾎｼﾞｮｷｮｳｲﾝ),博多第一（補助教員）　web,811-2201,福岡県糟屋郡志免町桜丘１−２８,,092-936-0200,092-936-1114,1,0,0,99,0,0,0,2,99,1,607,0,0,110,,,,1,0,0,1,2,2025/09/10 15:59:33
700,博多第二幼稚園　週3ｺｰｽ,ハカタダイニ ｼｭｳ3ｺｰｽ,博多第二　週3ｺｰｽ,811-2106,福岡県糟屋郡宇美町ひばりが丘１−１−１０,,092-934-1001,092-934-1564,1,0,0,99,0,0,0,2,99,1,700,0,0,120,,,,1,0,0,1,2,2025/09/10 14:04:01
701,博多第二幼稚園　（別注）,ハカタダイニ,博多第二幼稚園（別注）,,,,092-934-1001,092-934-1564,1,0,0,99,0,0,0,2,99,1,701,0,0,121,,,,1,0,0,1,6,2019/12/27 10:52:47
702,博多第二幼稚園　リトルプレイルーム,ハカタダイニﾘﾄﾙﾌﾟﾚｲﾙｰﾑ,博多第二幼稚リトルプレイルーム,,,,092-934-1001,092-934-1564,1,0,0,99,0,0,0,2,99,1,702,0,0,122,,,,1,0,0,1,2,2025/09/02 12:10:06
703,博多第二幼稚園　リトルプレイルーム　週2（にじ組）,ﾊｶﾀﾀﾞｲﾆﾘﾄﾙ ｼｭｳ2(ﾆｼﾞｸﾐ)ﾌﾟﾚｲﾙｰﾑ,博多第二リトル　週2,,,,092-934-1001,092-934-1564,1,0,0,99,0,0,0,2,99,1,703,0,0,123,,,,1,0,0,1,2,2025/09/02 12:12:44
704,博多第二幼稚園　（別注2）,ハカタダイニ2,博多第二幼稚園（別注2）,,,,092-934-1001,092-934-1564,1,0,0,99,0,0,0,2,99,1,704,0,0,121,,,,1,0,0,1,6,2019/11/05 9:39:05
705,博多第二幼稚園　お預かり,ハカタダイニ ｵｱｽﾞｶﾘ,博多第二　お預かり,811-2106,福岡県糟屋郡宇美町ひばりが丘１−１−１０,,092-934-1001,092-934-1564,1,0,0,99,0,0,0,2,99,1,705,0,0,120,,,,1,0,0,1,6,2019/12/27 10:53:19
706,博多第二幼稚園　週5ｺｰｽ,ハカタダイニ ｼｭｳ5ｺｰｽ,博多第二　週5ｺｰｽ,811-2106,福岡県糟屋郡宇美町ひばりが丘１−１−１０,,092-934-1001,092-934-1564,1,0,0,99,0,0,0,2,99,1,706,0,0,120,検食,-1,"
",1,0,0,1,2,2025/09/10 14:04:06
707,博多第二幼稚園（補助教員）,ハカタダイニ(ﾎｼﾞｮｷｮｳｲﾝ),博多第二（補助教員）　web,811-2106,福岡県糟屋郡宇美町ひばりが丘１−１−１０,,092-934-1001,092-934-1564,1,0,0,99,0,0,0,2,99,1,707,0,0,120,,,,1,0,0,1,2,2025/09/10 15:59:39
708,博多第二幼稚園　（別注3）,ハカタダイニ3,博多第二幼稚園（別注3）,,,,092-934-1001,092-934-1564,1,0,0,99,0,0,0,2,99,1,708,0,0,121,,,,1,0,0,1,6,2019/12/27 10:53:34
800,吉塚ゆりの樹幼稚園,ヨシヅカ,吉塚ゆりの樹　スマぶろ　web,812-0041,福岡県福岡市博多区吉塚５−５−３９,,092-621-1055,092-623-0586,1,0,0,99,0,0,0,1,99,1,800,0,0,30010,検食,1,,1,1,0,1,2,2025/09/10 14:04:34
802,吉塚ゆりの樹幼稚園（別）,ヨシズカｼｮｳｻｲﾖｳ(ﾍﾞﾂ),吉塚ゆりの樹幼稚園（別）,812-0041,福岡県福岡市博多区吉塚５−５−３９,,092-621-1055,092-623-0586,1,0,0,99,0,0,0,1,99,1,802,0,0,30010,,,,1,1,0,1,6,2022/12/01 14:15:06
805,吉塚ゆりの樹幼稚園,ヨシヅカ,吉塚ゆりの樹　ママミール　web,812-0041,福岡県福岡市博多区吉塚５−５−３９,,092-621-1055,092-623-0586,1,0,0,99,0,0,0,1,99,1,805,0,0,30010,管理職,1,,1,0,0,1,2,2025/09/10 14:04:40
806,吉塚ゆりの樹幼稚園,ヨシズカ,吉塚ゆりの樹（別）　ママミール,812-0041,福岡県福岡市博多区吉塚５−５−３９,,092-621-1055,092-623-0586,1,0,0,99,0,0,0,1,99,1,806,0,0,30010,,,,1,0,0,1,2,2025/09/02 12:16:39
1000,学校法人　白水学園　森の木幼稚園,モリノキ,森の木幼稚園,816-0851,福岡県春日市昇町２−８５,,092-592-3977,092-573-2562,1,0,0,99,0,0,0,1,99,1,1000,0,0,270,,,,0,1,0,1,1,2015/01/06 16:39:45
1001,森の木幼稚園（別注）,モリノキ,森の木幼稚園（別注）,,,,092-592-3977,092-573-2562,1,0,0,99,0,0,0,1,99,1,1001,0,0,271,,,,1,1,0,1,2,2015/01/22 10:58:54
1002,森の木幼稚園　なかよしクラブ,モリノキ,森の木　なかよしクラブ,,,,092-592-3977,092-573-2562,1,0,0,99,0,0,0,1,99,1,1002,0,0,291,,,,0,1,0,1,1,2015/01/06 16:48:16
1004,森の木幼稚園　食育,モリノキ ｼｮｸｲｸ,森の木　食育,816-0851,福岡県春日市昇町２−８５,,092-592-3977,092-573-2562,1,0,0,99,0,0,0,1,99,1,1004,0,0,270,,,,1,1,0,1,5,2024/01/19 11:18:18
1100,学校法人白水学園　くすの木幼稚園,クスノキ,くすの木幼稚園,816-0823,福岡県春日市若葉台西６−１０３,,092-571-0254,092-582-9568,1,0,0,99,0,0,0,1,99,1,1100,0,0,280,,,,0,1,0,1,2,2015/01/05 16:18:05
1101,くすの木幼稚園　（別注）,クスノキｷ,くすの木幼稚園　（別注）,,,,092-571-0254,092-582-9568,1,0,0,99,0,0,0,1,99,1,1101,0,0,281,,,,1,1,0,1,2,2015/01/22 11:15:18
1102,くすの木幼稚園　なかよしクラブ,クスノキ,くすの木　なかよしクラブ,,,,092-571-0254,092-582-9568,1,0,0,99,0,0,0,1,99,1,1102,0,0,292,,,,0,1,0,1,9,2016/11/26 12:13:42
1103,くすの木幼稚園　学童,クスノキｷ,くすの木幼稚園　学童,,,,092-571-0254,092-582-9568,1,0,0,99,0,0,0,1,99,1,1103,0,0,281,,,,0,1,0,1,2,2014/12/16 15:39:39
1104,くすの木幼稚園　食育,クスノキ ｼｮｸｲｸ,くすの木　食育,816-0823,福岡県春日市若葉台西６−１０３,,092-571-0254,092-582-9568,1,0,0,99,0,0,0,1,99,1,1104,0,0,280,,,,1,1,0,1,5,2024/01/19 11:18:28
1200,学校法人白水学園　もみの木幼稚園,モミノキ,もみの木,816-0844,福岡県春日市上白水前田４４５−２,,092-582-4292,092-573-2146,1,0,0,99,0,0,0,1,99,1,1200,0,0,290,,,,0,1,0,1,2,2023/02/02 14:20:33
1201,もみの木幼稚園（別注）,モミノキ,もみの木幼稚園（別注）,,,,092-582-4292,092-573-2146,1,0,0,99,0,0,0,1,99,1,1201,0,0,290,,,,1,1,0,1,2,2023/01/23 11:27:40
1202,もみの木幼稚園　なかよしクラブ,モミノキ,もみの木　なかよしクラブ,,,,092-582-4292,092-573-2146,1,0,0,99,0,0,0,1,99,1,1202,0,0,293,,,,0,1,0,1,5,2012/01/18 14:43:24
1204,もみの木幼稚園　食育,モミノキ ｼｮｸｲｸ,もみの木　食育,816-0844,福岡県春日市上白水前田４４５−２,,092-582-4292,092-573-2146,1,0,0,99,0,0,0,1,99,1,1204,0,0,290,,,,1,1,0,1,5,2024/01/19 11:18:55
1300,岩戸幼稚園,イワト,岩戸幼稚園,811-1242,福岡県筑紫郡那珂川町西隈1丁目9-17,,092-952-2006,092-952-3176,1,0,0,99,0,0,0,1,99,1,1300,0,0,340,,,,0,1,0,1,5,2012/01/18 14:43:29
1301,岩戸幼稚園（別注）,イワト,岩戸幼稚園（別注）,,,,092-952-2006,092-952-3176,1,0,0,99,0,0,0,1,99,1,1301,0,0,341,,,,0,1,0,1,2,2014/12/22 11:59:25
1302,岩戸幼稚園　（先生用）,イワト,岩戸幼稚園　（先生用）,,,,092-952-2006,092-952-3176,1,0,0,99,0,0,0,1,99,1,1302,0,0,0,,,,0,1,0,1,5,2012/01/18 14:43:32
1400,岩戸北幼稚園,イワトキタ,岩戸北幼稚園,811-1255,福岡県筑紫郡那珂川町恵子１−１−２,,092-952-5054,092-952-5283,1,0,0,99,0,0,0,1,99,1,1400,0,0,350,,,,0,1,0,1,6,2020/01/23 9:29:57
1401,岩戸北幼稚園（別注）,イワトキタ,岩戸北幼稚園（別注）,,,,092-952-5054,092-952-5283,1,0,0,99,0,0,0,1,99,1,1401,0,0,351,,,,0,1,0,1,2,2015/01/26 14:20:44
1402,岩戸北幼稚園（先生用）,イワトキタ,岩戸北幼稚園（先生用）,,,,092-952-5054,092-952-5283,1,0,0,99,0,0,0,1,99,1,1402,0,0,0,,,,0,1,0,1,5,2012/01/18 14:43:38
1500,南畑幼稚園,ミナミハタ,南畑幼稚園,811-1232,福岡県筑紫郡那珂川町埋金８１１−１,,092-952-2095,092-952-2305,1,0,0,99,0,0,0,1,99,1,1500,0,0,360,,,,0,1,0,1,5,2012/01/18 14:43:41
1501,南畑幼稚園（別注）,ミナミハタ,南畑幼稚園（別注）,,,,092-952-2095,092-952-2305,1,0,0,99,0,0,0,1,99,1,1501,0,0,361,,,,0,1,0,1,2,2015/01/26 14:30:30
1502,南畑幼稚園（先生用）,ミナミハタ,南畑幼稚園（先生用）,,,,092-952-2095,092-952-2305,1,0,0,99,0,0,0,1,99,1,1502,0,0,0,,,,0,1,0,1,5,2012/01/18 14:43:48
1600,南ヶ丘幼稚園,ミナミガオカ,南ヶ丘幼稚園　　,816-0964,福岡県大野城市南ケ丘５−１９−１,,092-596-2974,092-596-1910,1,0,0,99,0,0,0,1,99,1,1600,0,0,310,予備,3.0,,0,1,0,1,2,2025/09/10 13:52:37
1601,南ヶ丘幼稚園　（別注）,ミナミガオカ,南ヶ丘幼稚園　（別注）,,,,092-596-2974,092-596-1910,1,0,0,99,0,0,0,1,99,1,1601,0,0,0,,,,0,1,0,1,2,2011/10/20 17:33:53
1602,南ヶ丘幼稚園　のびっこクラブ,ﾐﾅﾐｶﾞｵｶ ﾉﾋﾞｯｺ,南ヶ丘幼稚園　のびっこクラブ,816-0964,福岡県大野城市南ケ丘５−１９−１,,092-596-2974,092-596-1910,1,0,0,99,0,0,0,1,99,1,1602,0,0,315,,,,0,1,0,1,2,2025/09/02 12:17:28
1700,南ヶ丘第二幼稚園,ミナミガオカダイニ,南ヶ丘第二幼稚園,816-0953,福岡県大野城市旭ケ丘２−４−１０,,092-596-2907,092-596-1915,1,0,0,99,0,0,0,1,99,1,1700,0,0,320,予備,3.0,"
",0,1,0,1,2,2025/09/10 13:52:45
1701,南ヶ丘第二幼稚園　（別注）,ミナミガオカダイニ,南ヶ丘第二幼稚園　（別注）,,,,092-596-2907,092-596-1915,1,0,0,99,0,0,0,1,99,1,1701,0,0,320,,,,0,1,0,1,2,2017/04/10 13:56:55
1702,南ヶ丘第二幼稚園　のびっこクラブ,ﾐﾅﾐｶﾞｵｶﾀﾞｲﾆﾖｳﾁｴﾝ ﾉﾋﾞｯｺｸﾗﾌﾞ,南ヶ丘第二　のびっこ,816-0953,福岡県大野城市旭ケ丘２−４−１０,,092-596-2907,092-596-1519,1,0,0,99,0,0,0,1,99,1,1702,0,0,321,,,,0,1,0,1,2,2020/05/11 9:15:39
1800,月の浦幼稚園,ツキノウラ,月の浦幼稚園,816-0983,福岡県大野城市月の浦３−２３−１,,092-595-2580,092-596-1915,1,0,0,99,0,0,0,1,99,1,1800,0,0,330,予備,3.0,,0,1,0,1,2,2025/09/10 13:52:51
1801,月の浦幼稚園　（別注）,ツキノウラ,月の浦幼稚園　（別注）,,,,092-595-2580,092-596-1915,1,0,0,99,0,0,0,1,99,1,1801,0,0,331,,,,0,1,0,1,2,2015/02/25 15:15:50
1802,月の浦幼稚園　のびっこクラブ,ﾂｷﾉｳﾗﾖｳﾁｴﾝ ﾉﾋﾞｯｺｸﾗﾌﾞ,月の浦　のびっこ,816-0983,大野城市月の浦3-23-1,,092-595-2580,092-596-1915,1,0,0,99,0,0,0,1,99,1,1802,0,0,330,,,,0,1,0,1,2,2014/06/19 14:58:22
1803,月の浦幼稚園　食育先生用,ツキノウラ ｼｮｸｲｸｾﾝｾｲﾖｳ,月の浦幼稚園,816-0983,福岡県大野城市月の浦３−２３−１,,092-595-2580,092-596-1915,1,0,0,99,0,0,0,1,99,1,1803,0,0,330,,,,0,1,0,1,2,2015/10/06 16:20:49
1804,月の浦幼稚園　別注用先生,ツキノウラ ﾍﾞｯﾁｭｳﾖｳｾﾝｾｲ,月の浦幼稚園,816-0983,福岡県大野城市月の浦３−２３−１,,092-595-2580,092-596-1915,1,0,0,99,0,0,0,1,99,1,1804,0,0,330,,,,0,1,0,1,2,2016/01/18 15:00:26
1900,那珂川第一幼稚園,ナカガワダイイチ,那珂川第一幼稚園,811-1251,福岡県筑紫郡那珂川町松木５丁目１−１,,092-953-1135,092-953-3848,1,0,0,99,0,0,0,2,99,1,1900,0,0,250,,,,0,1,0,1,4,2014/09/12 11:13:07
1901,那珂川第一幼稚園（別注）,ナカガワダイイチ,那珂川第一幼稚園（別注）,,,,092-953-1135,092-953-3848,1,0,0,99,0,0,0,2,99,1,1901,0,0,251,,,,0,1,0,1,2,2016/06/22 11:52:19
1902,那珂川第一幼稚園　音楽の先生,ナカガワダイイチオンガクノセンセイ,那珂川第一幼稚園　音楽の先生,,,,092-953-1135,092-953-3848,1,0,0,99,0,0,0,2,99,1,1902,0,0,0,,,,0,1,0,1,5,2012/01/18 14:44:18
1903,那珂川第一幼稚園　（おやつ）,ナカガワダイイチオヤツ,那珂川第一　（おやつ）,,,,092-953-1135,092-953-3848,1,0,0,99,0,0,0,2,99,1,1903,0,0,251,,,,1,1,0,1,2,2014/10/30 17:00:46
1904,香蘭女子短期大学　保育科,コウランホイクカ,香蘭女子短期大学　保育科,,,,092-953-1135,092-953-3848,1,0,0,99,0,0,0,2,99,1,1904,0,0,0,,,,0,1,0,1,5,2012/01/18 14:44:27
1905,那珂川第一幼稚園（お預かり）,ナカガワダイイチ(,那珂川第一幼稚園〈お預かり）,,,,092-953-1135,092-953-3848,1,0,0,99,0,0,0,1,99,1,1905,0,0,252,,,,1,1,0,1,9,2015/12/10 17:51:33
1906,那珂川第二幼稚園おやつ,ナカガワダイニﾖｳﾁｴﾝ,那珂川第二おやつ,811-1252,福岡県筑紫郡那珂川町五郎丸字ムタダ70-3,,092-953-0222,092-953-0222,1,0,0,99,0,0,0,1,99,1,1906,0,0,251,,,,1,1,0,1,2,2014/10/30 17:00:31
1907,那珂川第二幼稚園,ﾅｶｶﾞﾜﾀﾞｲﾆﾖｳﾁｴﾝ,那珂川第二幼稚園,811-1252,筑紫郡那珂川町五郎丸字ムタダ70-3,,092-953-0222,02-953-222,1,0,0,99,0,0,0,1,99,1,1907,0,0,261,,,,0,1,0,1,5,2013/11/06 13:37:15
1908,筑紫女学院大学　実習生,コﾁｸｼｼﾞｮｶﾞｸｲﾝﾀﾞｲｶﾞｸ ｼﾞｯｼｭｳｾｲ,筑紫女学院大学　実習生,,,,,,1,0,0,99,0,0,0,1,99,1,1908,0,0,0,,,,0,1,0,1,6,2017/05/26 11:33:05
1910,那珂川第一幼稚園　研修生,ﾅｶｶﾞﾜﾀﾞｲｲﾁﾖｳﾁｴﾝ ｹﾝｼｭｳｾｲ,那珂川第一幼稚園　研修生,,,,,,1,0,0,99,0,0,0,2,99,1,1910,0,0,0,,,,0,1,0,1,3,2018/01/24 12:20:42
2000,学校法人　豊田学園　淡水幼稚園,タンスイ,淡水幼稚園,816-0094,福岡県福岡市博多区諸岡１−１８−３,,092-581-1461,092-581-1793,1,0,0,99,0,0,0,1,99,1,2000,0,0,410,,,,0,1,0,1,2,2024/07/18 11:48:59
2001,淡水幼稚園（別注）,タンスイ,淡水幼稚園（別注）,,,,092-581-1461,092-581-1793,1,0,0,99,0,0,0,1,99,1,2001,0,0,411,,,,0,1,0,1,2,2015/01/22 11:16:28
2002,淡水幼稚園　おひさまランド,タンスイ,おひさまランド,,,,092-581-1461,092-581-1793,1,0,0,99,0,0,0,1,99,1,2002,0,0,420,,,,0,1,0,1,5,2012/01/18 14:44:45
2003,淡水幼稚園　まいまい,タンスイ,まいまい,,,,092-581-1461,092-581-1793,1,0,0,99,0,0,0,1,99,1,2003,0,0,430,,,,0,1,0,1,5,2012/01/18 14:44:48
2004,淡水幼稚園　アフタークラブ,タンスイ,淡水　アフタークラブ,,,,092-581-1461,092-581-1793,1,0,0,99,0,0,0,1,99,1,2004,0,0,411,,,,1,1,0,1,2,2014/10/30 17:00:15
2005,淡水幼稚園あそびじゅく,タンスイ,淡水幼稚園あそびじゅく,816-0094,福岡県福岡市博多区諸岡１−１８−３,,092-581-1461,092-581-1793,1,0,0,99,0,0,0,1,99,0,2005,0,0,,,,,0,1,0,1,9999,2011/09/14 0:00:00
2006,淡水幼稚園　つくし,タンスイ,つくし,,,,092-581-1461,092-581-1793,1,0,0,99,0,0,0,1,99,1,2006,0,0,431,,,"
",0,1,0,1,2,2025/09/08 11:26:07
2007,たんすい保育園,タンスイﾎｲｸｴﾝ,たんすい保育園,816-0094,福岡県福岡市博多区諸岡1-19-5,,092-575-6005,092-575-6006,1,0,0,99,0,0,0,1,99,1,2007,0,0,410,,,,0,1,0,1,2,2024/07/18 11:49:05
2008,たんすい保育園　先生,タンスイﾎｲｸｴﾝ ｾﾝｾｲ,たんすい保育園　先生,816-0094,福岡県福岡市博多区諸岡1-19-5,,092-575-6005,092-575-6006,1,0,0,99,0,0,0,1,99,1,2008,0,0,410,,,,0,1,0,1,2,2024/07/18 11:49:53
2009,淡水保育園　おやつ,タンスイﾎｲｸｴﾝ ｵﾔﾂ,淡水保育園　おやつ,816-0094,福岡県福岡市博多区諸岡1-19-5,,092-575-6005,092-575-6006,1,0,0,99,0,0,0,1,99,1,2009,0,0,410,,,,0,1,0,1,2,2024/07/18 11:49:44
2010,たんすいfamilia保育園,ファミリア保育園,たんすいfamilia保育園,816-0094,福岡県福岡市博多区諸岡1-19-5,,092-575-6005,092-575-6006,1,0,0,99,0,0,0,1,99,1,2010,0,0,410,,,,0,1,0,1,2,2024/07/18 11:46:52
2011,たんすいfamilia保育園　先生用,ファミリア保育園 ｾﾝｾｲﾖｳ,たんすいfamilia先生用,816-0094,福岡県福岡市博多区諸岡1-19-5,,092-575-6005,092-575-6006,1,0,0,99,0,0,0,1,99,1,2011,0,0,410,,,,0,1,0,1,2,2024/07/18 11:46:01
2012,たんすいfamilia保育園　おやつ,ファミリア保育園 ｵﾔﾂ,たんすいfamilia保育園　おやつ,816-0094,福岡県福岡市博多区諸岡1-19-5,,092-575-6005,092-575-6006,1,0,0,99,0,0,0,1,99,1,2012,0,0,410,,,,0,1,0,1,2,2024/07/18 11:46:16
2100,志免幼稚園,シメ,志免幼稚園,811-2202,福岡県糟屋郡志免町志免１−２２−１,,092-935-8805,092-935-6677,1,0,0,99,0,0,0,1,99,1,2100,0,0,140,,,,1,1,0,1,6,2021/12/14 9:28:56
2101,志免幼稚園（別注）,シメ,志免幼稚園　（別注）,,,,092-935-8805,092-935-6677,1,0,0,99,0,0,0,1,99,1,2101,0,0,141,,,,1,1,0,1,2,2025/09/02 13:39:58
2102,志免幼稚園　（別注）　内税,ｼﾒﾖｳﾁｴﾝ ﾍﾞｯﾁｭｳ ｳﾁｾﾞｲ,志免幼稚園　（別注）,,,,092-935-8805,092-935-6677,1,0,0,99,0,0,0,0,99,1,2102,0,0,142,,,,1,0,0,1,6,2025/08/25 13:16:31
2200,志免中央幼稚園　園児,シメチュウオウ,志免中央幼稚園,811-2202,福岡県糟屋郡志免町片峰１−８−１,,092-935-2015,092-936-5712,1,0,0,99,0,0,0,1,99,1,2200,0,0,150,,,,1,1,0,1,2,2014/10/30 16:30:27
2201,志免中央幼稚園（別注）,シメチュウオウ,志免中央幼稚園（別注）,,,,092-935-2015,092-936-5712,1,0,0,99,0,0,0,2,99,1,2201,0,0,151,,,,1,1,0,1,2,2014/10/30 16:30:46
2300,吉塚ゆりの樹幼稚園,ヨシズカ,吉塚ゆりの樹幼稚園,812-0041,福岡県福岡市博多区吉塚５−５−３９,,092-621-1055,092-623-0586,1,0,0,99,0,0,0,1,99,1,2300,0,0,100,,,,1,1,0,1,2,2014/10/30 16:39:17
2400,玄海ゆりの樹幼稚園,ゲンカイ,玄海ゆりの樹幼稚園,811-3513,福岡県宗像市上八1974,,0940-62-3836,0940-62-2231,1,0,0,99,0,0,0,1,99,1,2400,0,0,10,,,,1,1,0,1,2,2014/10/30 16:30:56
2401,玄海ゆりの樹幼稚園（別注）,ｹﾞﾝｶｲ(ﾍﾞﾂﾁｭｳ),玄海ゆりの樹幼稚園（別注）,811-3513,福岡県宗像市上八1974,,0940-62-3836,0940-62-2231,1,0,0,99,0,0,0,1,99,1,2401,0,0,11,,,,1,1,0,1,2,2014/10/30 16:31:04
2500,天照幼稚園,テンショウ,天照幼稚園,811-3114,福岡県古賀市舞の里１−１３−２,,092-942-6744,092-943-5367,1,0,0,99,0,0,0,1,99,1,2500,0,0,30,予備,6,,0,1,0,1,2,2025/09/02 13:40:13
2501,天照幼稚園（別注）,テンショウ,天照幼稚園（別注）,,,,092-942-6744,092-943-5367,1,0,0,99,0,0,0,1,99,1,2501,0,0,31,,,,0,1,0,1,2,2018/10/24 13:56:52
2502,天照幼稚園（別注）,テンショウ,天照幼稚園（別注）,,,,092-942-6744,092-943-5367,1,0,0,99,0,0,0,1,99,1,2502,0,0,31,,,,0,0,0,1,2,2022/10/25 15:09:23
2503,天照幼稚園　うさぎ組,テンショウ ｳｻｷﾞｸﾞﾐ,天照幼稚園　うさぎ組,811-3114,福岡県古賀市舞の里１−１３−２,,092-942-6744,092-943-5367,1,0,0,99,0,0,0,1,99,1,2503,0,0,30,,,,0,1,0,1,2,2025/05/08 10:33:16
2504,天照幼稚園（別注）,テンショウ,天照幼稚園（別注）,,,,092-942-6744,092-943-5367,1,0,0,99,0,0,0,1,99,1,2504,0,0,31,,,,0,1,1,1,3,2024/11/05 14:29:54
2505,天照幼稚園（別注）,テンショウ,天照幼稚園（別注）,,,,092-942-6744,092-943-5367,1,0,0,99,0,0,0,1,99,1,2505,0,0,31,,,,0,0,1,1,3,2024/11/05 14:30:37
2600,香椎幼稚園,カシイ,香椎幼稚園,813-0003,福岡県福岡市東区香住ケ丘１−２−３,,092-681-3320,092-683-0697,1,0,0,99,0,0,0,1,99,1,2600,0,0,60,,,,1,1,0,1,2,2014/10/30 16:49:47
2601,香椎幼稚園（別注）,カシイ,香椎幼稚園（別注）,,,,092-681-3320,092-683-0697,1,0,0,99,0,0,0,1,99,1,2601,0,0,0,,,,1,1,0,1,2,2014/10/30 16:49:52
2700,福岡名島幼稚園,ナジマ,福岡名島幼稚園,814-0043,福岡市東区名島３−２５−１,,092-671-0123,,1,0,0,99,0,0,0,1,99,1,2700,0,0,90,,,,1,1,0,1,2,2014/10/30 16:39:24
2701,福岡名島幼稚園（別注）,ナジマ,福岡名島幼稚園（別注）,,,,092-671-0123,,1,0,0,99,0,0,0,1,99,1,2701,0,0,0,,,,1,1,0,1,2,2014/10/30 16:31:18
2800,学校法人関学園　大野東幼稚園,オオノヒガシ,大野東幼稚園,816-0902,福岡県大野城市乙金１−１０−３７,,092-503-2895,092-503-2975,1,0,0,99,0,0,0,1,99,1,2800,0,0,160,,,,0,1,0,1,2,2012/04/03 13:29:24
2801,大野東幼稚園　（別注）,オオノヒガシ,大野東幼稚園　（別注）,,,,092-503-2895,092-503-2975,1,0,0,99,0,0,0,1,99,1,2801,0,0,161,,,,0,1,0,1,2,2012/04/03 13:29:39
2900,託児所　なでしこ,ナデシコ,託児所　なでしこ,818-0041,福岡県筑紫野市上古賀3-7-7　2階,,092-919-6336,092-919-6336,1,0,0,99,0,0,0,1,99,1,2900,0,0,170,,,,1,1,0,1,2,2014/10/30 16:50:00
2901,託児所　なでしこ(先生用）,ナデシコセンセイ,託児所　なでしこ(先生用）,,,,,,1,0,0,99,0,0,0,1,99,1,2901,0,0,171,,,,1,1,0,1,2,2014/10/30 16:50:05
3000,はこぶね幼稚園,ハコブネ,はこぶね幼稚園,811-2308,福岡県糟屋郡粕屋町内橋字一本木22,,092-938-1230,092-938-1236,1,0,0,99,0,0,0,0,99,1,3000,0,0,130,,,,1,1,0,1,2,2014/10/30 16:39:31
3001,はこぶね幼稚園　別注,ハコブネ,はこぶね幼稚園　別注,811-2308,福岡県糟屋郡粕屋町内橋字一本木22,,092-938-1230,092-938-1236,1,0,0,99,0,0,0,1,99,1,3001,0,0,131,,,,1,1,0,1,2,2014/10/30 16:39:37
3003,はこぶね認定こども園,ハコブネﾆﾝﾃｲｺﾄﾞﾓｴﾝ,はこぶね認定こども園,811-2308,福岡県糟屋郡粕屋町内橋字一本木22,,092-938-1230,092-938-1236,1,0,0,99,0,0,0,0,99,1,3003,0,0,130,,,,1,1,0,1,2,2015/04/08 9:27:08
3010,はこぶね認定こども園　別注,ハコブネﾆﾝﾃｲｺﾄﾞﾓｴﾝ ﾍﾞｯﾁｭｳ,はこぶね認定こども園別注,811-2308,福岡県糟屋郡粕屋町内橋字一本木22,,092-938-1230,092-938-1236,1,0,0,99,0,0,0,0,99,1,3010,0,0,130,,,,1,1,0,1,3,2015/08/05 8:50:34
3100,笹丘カトリック幼稚園,ササオカ,笹丘カトリック幼稚園,810-0034,福岡県福岡市中央区笹丘１丁目17-51,,092-713-0019,092-713-0089,1,0,0,99,0,0,0,1,99,1,3100,0,0,180,予備,2,,0,1,0,1,2,2025/09/02 13:40:33
3101,笹丘カトリック幼稚園（別注）,ｻｻｵｶｶﾄﾘｯｸﾖｳﾁｴﾝ(ﾍﾞｯﾁｭｳ),笹丘カトリック　（別注）,810-0034,福岡県福岡市中央区笹丘１丁目17-51,,092-713-0019,092-713-0089,1,0,0,99,0,0,0,1,99,1,3101,0,0,181,,,,1,1,0,1,2,2025/09/02 13:40:52
3200,キッズ・キッズ　長丘,キッズナガオカ,キッズ・キッズ　長丘,815-0075,福岡県福岡市南区長丘4-3-36,,092-542-0006,092-542-0006,1,0,0,99,0,0,0,1,99,1,3200,0,0,175,,,,1,1,0,1,2,2014/10/30 16:39:54
3300,株式会社アマテラス,アマテラス,株式会社アマテラス,810-0044,福岡市中央区六本松3丁目11-25　谷口ビル2F,,092-712-0777,,1,0,0,99,0,0,0,1,99,1,3300,0,0,464,,,,1,1,0,1,9,2015/03/09 15:48:36
3400,小笹幼稚園,オザサ,小笹幼稚園　　,810-0033,福岡県福岡市中央区小笹５−１６−３５,,092-531-3374,092-531-3374,1,0,0,99,0,0,0,1,99,1,3400,0,0,190,,,,0,1,0,1,2,2024/10/22 16:22:19
3401,小笹幼稚園（別注）,オザサ,小笹幼稚園（別注）,,,,092-531-3374,092-531-3374,1,0,0,99,0,0,0,1,99,1,3401,0,0,191,,,,0,1,0,1,2,2015/06/04 10:51:38
3500,慶光ブライトンアカデミー,ケイコウ,慶光ブライトンアカデミー,814-0153,福岡県福岡市城南区樋井川２−１１−２７,,092-801-6666,,1,0,0,99,0,0,0,1,99,1,3500,0,0,200,,,,1,1,0,1,2,2014/10/30 16:39:59
3600,若久幼稚園,ワカヒサ,若久幼稚園,815-0042,福岡県福岡市南区若久１−２２−７,,092-542-0415,092-561-2116,1,0,0,99,0,0,0,1,99,1,3600,0,0,210,,,,0,1,0,1,5,2012/01/18 14:45:57
3601,若久幼稚園（別注）,ワカヒサ,若久幼稚園（別注）,,,,092-542-0415,092-561-2116,1,0,0,99,0,0,0,1,99,1,3601,0,0,211,,,,1,1,0,1,2,2015/01/22 11:17:22
3700,大橋幼稚園,オオハシ,大橋幼稚園,815-0033,福岡県福岡市南区大橋３−８−２,,092-541-3072,092-541-3143,1,0,0,99,0,0,0,1,99,1,3700,0,0,220,,,,1,1,0,1,6,2022/06/08 12:06:53
3701,大橋幼稚園（別注）,オオハシ,大橋幼稚園（別注）,,,,092-541-3072,092-541-3143,1,0,0,99,0,0,0,1,99,1,3701,0,0,221,,,,1,1,0,1,2,2015/01/22 11:17:36
3800,学校法人　石田学園　山王幼稚園,サンノウ,山王幼稚園,812-0015,福岡県福岡市博多区山王１−５−３６,,092-441-2800,092-472-1390,1,0,0,99,0,0,0,1,99,1,3800,0,0,30021,,,,1,1,0,1,2,2024/04/26 13:56:19
3801,山王幼稚園　（別注）,サンノウ,山王幼稚園　（別注）,,,,092-441-2800,092-472-1390,1,0,0,99,0,0,0,1,99,1,3801,0,0,30021,,,,1,1,0,1,2,2024/06/18 13:17:36
3900,塩原幼稚園,シオバル,塩原幼稚園,815-0032,福岡県福岡市南区塩原2-4-30,,092-541-1547,092-541-1547,1,0,0,99,0,0,0,1,99,1,3900,0,0,240,,,,0,1,0,1,5,2012/01/18 14:46:14
3901,塩原幼稚園　別注,ｼｵﾊﾞﾙﾖｳﾁｴﾝ ﾍﾞﾂﾁｭｳ,塩原幼稚園,815-0032,福岡県福岡市南区塩原2-4-30,,092-541-1547,092-541-1547,1,0,0,99,0,0,0,1,99,1,3901,0,0,241,,,,1,1,0,1,3,2016/06/22 16:15:59
3902,塩原　つぼみ組火・木クラス,ｼｵﾊﾞﾙﾂﾎﾞﾐｸﾐｶ･ｷｸﾗｽ,塩原つぼみ組火・木,815-0032,福岡市南区塩原２−４−３０,,541-1547,541-1547,1,0,0,99,0,0,0,1,99,1,3902,0,0,241,,,,0,1,0,1,2,2016/05/06 15:53:51
3903,塩原幼稚園　先生用,シオバル ｾﾝｾｲﾖｳ,塩原幼稚園　先生用,815-0032,福岡県福岡市南区塩原2-4-30,,092-541-1547,092-541-1547,1,0,0,99,0,0,0,1,99,1,3903,0,0,240,,,,0,1,0,1,2,2015/04/07 15:55:35
3904,塩原幼稚園　現金,シオバル ｹﾞﾝｷﾝ,塩原幼稚園,815-0032,福岡県福岡市南区塩原2-4-30,,092-541-1547,092-541-1547,1,0,0,99,0,0,0,1,99,1,3904,0,0,240,,,,0,1,0,1,2,2015/08/04 9:57:05
3905,塩原　つぼみ組水・金クラス,ｼｵﾊﾞﾙﾂﾎﾞﾐｸ,塩原つぼみ組水・金,815-0032,福岡市南区塩原２−４−３０,,541-1547,541-1547,1,0,0,99,0,0,0,1,99,1,3905,0,0,241,,,,0,1,0,1,2,2016/05/06 15:54:11
3906,塩原幼稚園（先生）,ｼｵﾊﾞﾙﾖｳﾁｴﾝ(ｾﾝｾｲ),塩原幼稚園（先生）,815-0032,福岡市南区塩原２−４−３０,,541-1547,541-1547,1,0,0,99,0,0,0,1,99,1,3906,0,0,241,,,,0,0,0,1,6,2020/08/04 13:12:50
4000,春日小鳩幼稚園,コバト,春日小鳩幼稚園,816-0861,福岡県春日市岡本１−８６,,092-581-5905,092-581-5771,1,0,0,99,0,0,0,1,99,1,4000,0,0,30010,,,,1,1,0,1,2,2023/04/22 11:04:23
4001,春日小鳩幼稚園（別注）,コバト,春日小鳩幼稚園（別注）,,,,092-581-5905,092-581-5771,1,0,0,99,0,0,0,1,99,1,4001,0,0,30010,,,,1,1,0,1,2,2021/06/21 11:56:04
4100,正光寺ひかり幼稚園,ヒカリ,正光寺ひかり幼稚園,816-0087,福岡県福岡市博多区三筑２−３１−１,,092-581-1959,095-582-9650,1,0,0,99,0,0,0,1,99,1,4100,0,0,370,,,,0,1,0,1,2,2015/02/06 12:51:06
4101,正光寺ひかり幼稚園（別注）,ヒカリ,正光寺ひかり幼稚園（別注）,,,,092-581-1959,095-582-9650,1,0,0,99,0,0,0,1,99,1,4101,0,0,371,,,,1,1,0,1,2,2015/01/22 11:16:16
4200,社会福祉法人　愛育の森,ｼｬｶｲﾌｸｼﾎｳｼﾞﾝ ｱｲｲｸﾉﾓﾘ,愛育の森,816-0862,福岡県春日市弥生2-43,,092-582-7595,092-581-7916,1,0,0,99,0,0,0,1,99,1,4200,0,0,300,,,,1,1,0,1,5,2015/06/01 16:50:39
4201,ふくようスポーツクラブ,ﾌｸﾖｳｽﾎﾟｰﾂｸﾗﾌﾞ,ふくようスポーツクラブ,816-0862,福岡県春日市弥生2-40,,092-581-7700,092-581-7916,1,0,0,99,0,0,0,1,99,1,4201,0,0,0,,,,1,1,0,1,6,2020/10/20 15:04:46
4202,社会福祉法人　愛育の森,ｼｬｶｲﾎｳｼﾞﾝ ｱｲｲｸﾉﾓﾘ,愛育の森,816-0862,福岡県春日市弥生2-43,,092-582-7595,092-581-7916,1,0,0,99,0,0,0,1,99,1,4202,0,0,300,,,,1,1,0,1,6,2015/06/04 9:53:27
4203,社会福祉法人　愛育の森,アイイクｼｬｶｲﾌｸｼﾎｳｼﾞﾝ ｱｲｲｸﾉﾓﾘ,愛育の森,816-0862,福岡県春日市弥生2-43,,092-582-7595,092-581-7916,1,0,0,99,0,0,0,1,99,1,4203,0,0,300,,,,1,1,0,1,3,2015/05/22 11:50:03
4300,けご幼稚園,ケゴ,けご幼稚園,810-0024,福岡県福岡市中央区桜坂１丁目10-17,,092-751-1503,092-751-1520,1,0,0,99,0,0,0,1,99,1,4300,0,0,213,,,,0,1,0,1,2,2012/04/03 13:42:56
4301,けご幼稚園（別注）1,ケゴ1,けご幼稚園（別注）1,,,,092-751-1503,092-751-1520,1,0,0,99,0,0,0,1,99,1,4301,0,0,0,,,,0,1,0,1,2,2014/07/23 16:20:45
4302,有限会社　エム.エー.ディ,ｴﾑ.ｴｰ.ﾃﾞｨ,ｴﾑ.ｴｰ.ﾃﾞｨ（けご幼ｻｯｶｰｸﾗﾌ,,,,092-751-1503,092-751-1520,1,0,0,99,0,0,0,1,99,1,4302,0,0,0,,,,0,1,0,1,2,2016/06/21 13:51:50
4303,けご幼稚園（別注）2,ケゴ2,けご幼稚園（別注）2,,,,092-751-1503,092-751-1520,1,0,0,99,0,0,0,1,99,1,4303,0,0,0,,,,0,1,0,1,2,2018/11/01 13:44:14
4310,ＮＰＯ法人　アメイシャ,NPOﾎｳｼﾞﾝ ｱﾒｲｼｬ,ｱﾒｲｼｬ,,,,,,1,0,0,99,0,0,0,1,99,1,4310,0,0,0,,,,1,1,0,1,2,2015/07/15 14:06:58
4400,江辻キッズガーデン保育園,エツジ,江辻,811-2313,福岡県糟屋郡粕屋町江辻553-6,,092-938-1001,,1,0,0,99,0,0,0,1,99,1,4400,0,0,450,,,,0,1,0,1,5,2012/01/18 14:46:45
4500,やない小児科　デイケアルｰム,ヤナイ,やない,811-1362,福岡市南区長住7-4-21,,092-551-6337,092-551-6333,1,0,0,99,0,0,0,1,99,1,4500,0,0,440,,,,0,1,0,1,5,2012/01/18 14:46:48
4600,悠香,ﾕｳｶ,悠香,816-0912,福岡県大野城市御笠川5-10-18,,092-503-0730,,1,0,0,99,0,0,0,0,0,1,4600,0,0,460,,,,1,1,0,1,6,2016/02/24 15:08:46
4700,はたなか,ﾊﾀﾅｶ,はたなか,,,,,,1,0,0,99,0,0,0,1,0,1,4700,0,0,29999,,,,0,1,0,1,2,2023/01/23 18:46:50
4800,社食,ｼｬｼｮｸ,社食,,,,,,1,0,0,99,0,0,0,1,0,1,4800,0,0,29999,,,,0,1,0,1,2,2023/01/23 18:46:41
4900,エンジェルキッズ保育園,ｴﾝｼﾞｪﾙｷｯｽﾞﾎｲｸｴﾝ,エンジェルキッズ,,,,,,1,0,0,99,0,0,0,0,0,1,4900,0,0,490,,,,1,1,0,1,2,2014/10/30 16:40:40
5000,高宮キッズ保育園,ﾀｶﾐﾔｷｯｽﾞﾎｲｸｴﾝ,高宮キッズ,815-0083,福岡市南区高宮５丁目８番２号,,092-406-5688,092-406-5688,1,0,0,99,0,0,0,1,0,1,5000,0,0,463,,,,1,1,0,1,2,2014/10/30 16:40:47
5100,雙葉小学校,ﾌﾀﾊﾞｼｮｳｶﾞｯｺｳ,雙葉小学校　web,810-0027,福岡市中央区御所ｹ谷7番１号,,092-531-1215,092-531-1245,1,0,0,99,0,0,0,1,0,1,5100,0,0,0,予備,1,,0,0,0,1,2,2025/09/10 15:59:04
5101,雙葉小学校,ﾌﾀﾊﾞｼｮｳｶﾞｯｺｳ,雙葉小学校,810-0027,福岡市中央区御所ｹ谷7番１号,,092-531-1215,092-531-9728,1,0,0,99,0,0,0,1,0,1,5101,0,0,0,,,,0,0,0,1,6,2019/10/30 9:37:28
5102,雙葉小学校　先生,ﾌﾀﾊﾞｼｮｳｶﾞｯｺｳ ｾﾝｾｲ,雙葉小学校　先生,810-0027,福岡市中央区御所ｹ谷7番１号,,092-531-1215,092-531-9728,1,0,0,99,0,0,0,1,0,1,5102,0,0,0,,,,0,0,0,1,7,2024/10/21 15:54:00
5200,乙金病院院内保育所,ｵﾄｶﾞﾈﾋﾞｮｳｲ,乙金病院院内保育所,816-0901,大野城市乙金東2-17-10,ジェイネットビル１F,092-558-5095,092-558-5095,1,0,0,99,0,0,0,0,0,1,5200,0,0,465,,,,1,1,0,1,9,2016/08/29 13:22:49
5201,医療法人　同仁会　乙金病院院内保育所,ｲﾘｮｳﾎｳｼﾞﾝﾄﾞｳｼﾞﾝｶｲｵﾄｶﾞﾈﾋﾞｮｳｲﾝｲﾝ,乙金病院院内保育所,816-0901,大野城市乙金東2-17-10,ジェイネットビル1F,092-588-5095,092-588-5095,1,0,0,99,0,0,0,0,0,1,5201,0,0,0,,,,1,1,0,1,2,2014/10/30 16:40:56
5300,吉塚市民病院,ﾖｼﾂﾞｶｼﾐﾝﾋﾞｮｳｲﾝ,吉塚市民病院,,,,,,1,0,0,99,0,0,0,1,99,1,5300,0,0,475,,,,0,1,0,1,2,2012/03/27 13:45:17
5400,かなやま幼稚園,ｶﾅﾔﾏﾖｳﾁｴﾝｶﾅﾔﾏ,かなやま幼稚園,814-0114,福岡市城南区金山団地23-1,,092-871-1463,092-871-2900,1,0,0,99,0,0,0,1,99,1,5400,0,0,30010,,,,0,1,0,1,2,2023/04/22 11:02:04
5500,河合塾,ｶﾜｲｼﾞｭｸ,河合塾,,,,,,0,0,0,99,0,0,0,0,99,1,5500,0,0,476,,,,0,1,0,1,2,2012/04/03 15:37:24
5600,ちいさこべ幼稚園,ﾁｲｻｺﾍﾞﾖｳﾁｴﾝ,ちいさこべ幼稚園,818-0135,福岡県太宰府市向佐野81番地,,092-922-3313,092-922-7518,1,0,0,99,0,0,0,1,99,1,5600,0,0,335,,,,0,1,0,1,5,2012/06/19 14:03:10
5601,ちいさこべ　幼稚園,ﾁｲｻｺﾍﾞ ﾖｳﾁｴﾝ,ちいさこべ,818-0135,福岡県太宰府市向佐野81番地,,092-922-3313,092-922-7518,1,0,0,99,0,0,0,1,99,1,5601,0,0,335,,,,0,1,0,1,5,2012/07/02 15:47:43
5700,わくわくキッズランド赤坂,ﾜｸﾜｸｷｯｽﾞﾗﾝﾄﾞｱｶｻｶ,わくわく赤坂,,福岡市中央区赤坂3-6-43,メイけやき２Ｆ,092-725-3420,,1,0,0,99,0,0,0,1,99,1,5700,0,0,466,,,,0,1,0,1,2,2012/08/02 11:06:07
5800,社会福祉法人信正会　もみじの森保育園,ﾓﾐｼﾞﾉﾓﾘﾎｲｸｴﾝ,もみじの森保育園,819-0371,福岡県福岡市西区大字飯氏868-1,,092-805-5511,092-805-5512,1,0,0,99,0,0,0,1,99,1,5800,0,0,0,,,,0,1,0,1,5,2012/09/03 15:11:34
5805,古賀工業　株式会社,ｺｶﾞｺｳｷﾞｮｳ ｶﾌﾞｼｷｶｲｼｬ,,810-0011,福岡県福岡市中央区六本松３丁目１２番１４号,,,,1,0,0,99,0,0,0,1,99,1,5805,0,0,0,,,,0,1,0,1,2,2012/10/03 13:18:59
5900,リリィ保育園,ﾘﾘｨﾎｲｸｴﾝ,リリィ保育園,811-1241,福岡県那珂川市後野２丁目８−２８−１０２,,092-952-9292,,1,0,0,99,0,0,0,1,99,1,5900,0,0,260,,,,0,1,0,1,2,2025/05/08 10:22:04
6000,キッズサポート千代保育園,ｷｯｽﾞｻﾎﾟｰﾄﾁﾖﾎｲｸｴﾝ,キッズ千代,812-0044,福岡県博多区千代1-2-4-1F,,631-1333,631-1333,1,0,0,99,0,0,0,1,99,1,6000,0,0,99,,,,0,1,0,1,5,2012/09/04 9:34:50
6100,学校法人　汀幼稚園,ﾐｷﾞﾜﾖｳﾁｴﾝ,汀幼稚園,810-0062,福岡県福岡市中央区荒戸２丁目５番１１号,,092-761-0470,,1,0,0,99,0,0,0,1,99,1,6100,0,0,467,,,"
",0,1,0,1,2,2014/06/09 11:44:55
6101,学校法人　汀幼稚園,ﾐｷﾞﾜﾖｳﾁｴﾝ,みぎわ,810-0062,福岡県福岡市荒戸２丁目５番１１号,,092-761-0470,,1,0,0,99,0,0,0,1,99,1,6101,0,0,468,,,,0,1,0,1,5,2012/10/01 10:16:29
6200,豊庄保育園,ﾎｳｼｮｳﾎｲｸｴﾝ,豊庄保育園,,,,,,1,0,0,99,0,0,0,1,99,1,6200,0,0,0,,,,0,1,0,1,2,2012/10/03 15:11:55
6300,こぐま園,ｺｸﾞﾏｴﾝ,こぐま園,812-0854,福岡県福岡市博多区東月隈3丁目19-14,,092-503-3088,,1,0,0,99,0,0,0,1,99,1,6300,0,0,155,,,,1,1,0,1,2,2015/09/09 15:02:06
6301,こぐま園　別注,ｺｸﾞﾏｴﾝ ﾍﾞｯﾁｭｳ,こぐま園,812-0854,福岡県福岡市博多区東月隈３丁目,１９−１４,092-503-3088,,1,0,0,99,0,0,0,1,99,1,6301,0,0,155,,,,0,1,0,1,2,2014/10/20 15:18:10
6400,つくし保育園,ﾂｸｼﾎｲｸｴﾝｼ,つくし保育園,812-0888,福岡県福岡市博多区板付7丁目3-16,,092-571-2572,092-571-2573,1,0,0,99,0,0,0,1,99,1,6400,0,0,0,,,,0,1,0,1,2,2013/04/15 13:47:34
6402,つくし保育園（先生用）,ﾂｸｼﾎｲｸｴﾝ(ｾﾝｾｲﾖｳ),,812-0888,福岡市博多区板付７丁目3-16,,571-2572,,1,0,0,99,0,0,0,1,99,1,6402,0,0,0,,,,0,1,0,1,5,2013/01/21 13:24:46
6500,社会福祉法人　光輪会　みそら保育園,ｼｬｶｲﾌｸｼﾎｳｼﾞﾝ ｺｳﾘﾝｶｲ ﾐｿﾗﾎｲｸｴﾝ,みそら保育園,812-0061,福岡市東区筥松4丁目2-21,,092-622-0270,092-622-0311,1,0,0,99,0,0,0,1,99,1,6500,0,0,0,,,,0,1,0,1,3,2012/12/19 11:04:38
6600,学校法人福岡幼児学園　ナーサリーライムスクール,ﾅｰｻﾘｰﾗ,ナーサリーライムスクール,814-0175,福岡県福岡市早良区田村,6-21-7,092-801-4302,,1,0,0,99,0,0,0,1,99,1,6600,0,0,1,,,,0,1,0,1,2,2022/07/07 12:07:15
6602,学校法人福岡幼児学園　ナーサリーライムスクール　職員用,ｶﾞｯｺｳﾎｳｼﾞﾝﾌｸｵｶﾖｳｼﾞｶﾞｸｴﾝ ﾅｰｻﾘｰﾗ,ナーサリーライムスクール,814-0175,福岡県福岡市早良区田村,6-21-7,092-801-4302,092-801-4195,1,0,0,99,0,0,0,1,99,1,6602,0,0,0,,,,1,1,0,1,2,2016/07/25 9:08:01
6603,学校法人福岡幼児学園　職員用,ｶﾞｯｺｳﾎｳｼﾞﾝﾌｸｵｶﾖｳｼﾞｶﾞｸｴﾝ ｼｮｸｲﾝﾖ,ナーサリーライムスクール,814-0175,福岡県福岡市早良区田村,6-21-7,092-801-4302,092-801-4195,1,0,0,99,0,0,0,1,99,1,6603,0,0,0,,,,1,1,0,1,2,2016/07/25 9:08:32
6604,学校法人福岡幼児学園　実習生用,ｶﾞｯｺｳﾎｳｼﾞﾝﾌｸｵｶﾖｳｼﾞｶﾞｸｴﾝ ｼﾞｯｼｭｳ,ナーサリーライムスクール,814-0175,福岡県福岡市早良区田村,6-21-7,092-801-4302,092-801-4195,1,0,0,99,0,0,0,1,99,1,6604,0,0,0,,,,1,1,0,1,2,2016/07/25 9:08:55
6700,福岡女学院幼稚園,ﾌｸｵｶｼﾞｮｶﾞｸｲﾝﾖｳﾁｴﾝ,女学院幼稚園,811-1313,福岡県福岡市南区日佐3丁目42-1,,092-575-2472,092-575-2472,1,0,0,99,0,0,0,1,99,1,6700,0,0,331,,,"
",1,1,0,1,2,2025/09/08 11:26:24
6701,福岡女学院幼稚園　別注,ﾌｸｵｶｼﾞｮｶﾞｸｲﾝﾖｳﾁｴﾝ ﾍﾞｯﾁｭｳ,女学院　別注,811-1313,福岡市南区日佐3丁目42-1,,092-575-2472,092-575-2472,1,0,0,99,0,0,0,0,99,1,6701,0,0,331,,,,0,1,0,1,2,2014/06/02 10:00:01
6800,木村病院,ｷﾑﾗﾋﾞｮｳｲﾝ,木村病院,,,,,,1,0,0,99,0,0,0,0,0,1,6800,0,0,680,,,,0,1,0,1,2,2013/02/19 9:46:03
6900,福岡海星女子学院マリア幼稚園,ﾌｸｵｶｶｲｾｲｼﾞｮｼｶﾞｸｲﾝﾏﾘｱﾖｳﾁｴﾝ,マリア幼稚園,811-1346,福岡市南区老司5-29-3,,092-565-0951,092-565-0991,1,0,0,99,0,0,0,1,99,1,6900,0,0,205,,,,0,1,0,1,6,2018/10/01 16:56:35
6901,福岡海星女子学院マリア幼稚園(別注）,ﾌｸｵｶｶｲｾｲｼﾞｮｼｶﾞｸｲﾝﾏﾘｱﾖｳﾁｴﾝ(ﾍﾞﾂﾁ,マリア幼稚園　別注,811-1346,福岡市南区老司5-29-3,,092-565-0951,092-565-0991,1,0,0,99,0,0,0,1,99,1,6901,0,0,206,,,,0,1,0,1,5,2013/05/15 11:33:12
6902,福岡海星女子学院マリア幼稚園,ﾌｸｵｶｶｲｾｲｼﾞｮｼｶﾞｸｲﾝﾏﾘｱﾏﾘｱﾖｳﾁｴﾝ,マリア幼稚園,811-1346,福岡市南区老司5-29-3,,092-565-0951,092-565-0991,1,0,0,99,0,0,0,1,99,1,6902,0,0,207,,,,0,1,0,1,5,2013/05/15 11:29:11
6903,海星小学校,ﾌｶｲｾｲｼｮｳｶﾞｯｺｳ,海星小学校,811-1346,福岡市南区老司5-29-3,,092-565-0951,092-565-0991,1,0,0,99,0,0,0,1,99,1,6903,0,0,207,,,,0,1,0,1,2,2014/08/22 11:24:57
7000,バディスポーツ幼育園　筑紫野校,ﾊﾞﾃﾞｨｽﾎﾟｰﾂﾖｳｲｸｴﾝ ﾁｸｼ,バディ筑紫野校　web,,筑紫野市原田1-11-1,,092-926-1002,,1,0,0,99,0,0,0,1,99,1,7000,0,0,502,,,,0,0,0,1,2,2025/09/10 14:04:49
7001,バディスポーツ幼育園　筑紫野校（別注）,ﾊﾞﾃﾞｨｽﾎﾟｰﾂﾖｳｲｸｴﾝ ﾁｸｼﾉｺｳ(ﾍﾞｯﾁｭｳ,バディ筑紫野別注内税,,筑紫野市原田1-11-1,,092-926-1002,,1,0,0,99,0,0,0,1,99,1,7001,0,0,502,,,,0,0,0,1,2,2025/09/02 14:06:48
7002,バディスポーツ幼育園筑紫野校　先生用,ﾊﾞﾃﾞｲﾁｸｼﾉ ｾﾝｾｲ,バディ筑紫野　先生,,筑紫野市原田1-11-1,,092-926-1002,,1,0,0,99,0,0,0,1,99,1,7002,0,0,503,,,,0,1,0,1,2,2025/09/02 14:07:22
7003,バディスポーツ幼育園筑紫野校　2号認定,"ﾊﾞﾃﾞｨﾁｸｼﾉｺｳ2ｺﾞｳ ",バディ筑紫野校　2号,,筑紫野市原田1-11-1,,092-926-1002,,1,0,0,99,0,0,0,1,99,1,7003,0,0,502,,,,1,1,0,1,2,2025/09/10 14:09:33
7004,バディスポーツ幼育園筑紫野校　別注,ﾊﾞﾃﾞｨﾁｸｼﾉ ﾍﾞｯﾁｭｳ,バディ筑紫野別注外税,,筑紫野市原田1-11-1,,092-926-1002,,1,0,0,99,0,0,0,1,99,1,7004,0,0,502,,,,0,1,0,1,2,2025/09/02 14:08:36
7005,ﾊﾞﾃﾞｨｽﾎﾟｰﾂ筑紫野校　セミジュニア未就組,ﾊﾞﾃﾞｨﾁｸｼﾉｺｳ ｾﾐｼﾞｭﾆｱﾐｼｭｳｸ ｾﾐｼﾞｭ,バディ筑紫野セミジュニア,,筑紫野市原田1-11-1,,092-926-1002,,1,0,0,99,0,0,0,1,99,1,7005,0,0,503,,,,1,1,0,1,2,2025/09/02 14:09:09
7006,バディスポーツ筑紫野校　セミジュニア3号認定,ﾊﾞﾃﾞｨ ﾁｸｼﾉｺｳｾﾐｼﾞｭﾆｱ3ｺﾞｳ,バディ紫野ｾﾐｼﾞｭﾆｱ,,筑紫野市原田1-11-1,,092-926-1002,,1,0,0,99,0,0,0,1,99,1,7006,0,0,503,,,,1,1,0,1,2,2025/09/02 14:09:49
7007,バディスポーツ筑紫野校　セミジュニア　1号認定,ﾊﾞﾃﾞｨﾁｸｼﾉ ｾﾐｼﾞｭﾆｱ1ｺﾞｳ,バディ筑紫野　セミジュニア,,筑紫野市原田1-11-1,,092-926-1002,,1,0,0,99,0,0,0,1,99,1,7007,0,0,503,,,,1,1,0,1,2,2025/09/02 14:10:39
7008,バディスポーツ幼育園筑紫野校　学童,ﾊﾞﾃﾞｨｽﾎﾟｰﾂﾖｳｲｸｴﾝﾁｸｼﾉｺｳｶﾞｸﾄﾞｳﾊﾞ,バディ筑紫野校学童,,筑紫野市原田1-11-1,,092-926-1002,,1,0,0,99,0,0,0,1,99,1,7008,0,0,502,,,,1,0,0,1,2,2025/09/02 14:13:38
7009,スポーツハシリティー株式会社,ｽﾎﾟｰﾂﾌｧｼﾘﾃｨｰ,ｽﾎﾟｰﾂﾌｧｼﾘﾃｨｰ,106-0031,東京都港区西麻布2-13-15,第２横芝ビル701,,,1,0,0,99,0,0,0,1,99,1,7009,0,0,502,,,,0,0,0,1,2,2024/04/15 9:02:16
7010,BUDDY GSA International School,ﾊﾞﾃﾞｨｼﾞｰｴｽｴｰｲﾝﾀｰﾅｼｮﾅﾙ,BUDDY GSA InternationalSch web,,筑紫野市原田1-11-1,,092-926-8856,,1,0,0,99,0,0,0,1,99,1,7010,0,0,502,,,,1,0,0,1,2,2025/09/10 14:10:35
7011,BUDDY GSA International School　別注　外税,BGIS ﾍﾞｯﾁｭｳ ｿﾄｾﾞｲ,BUDDY GSA International School,,筑紫野市原田1-11-1,,092-926-1002,,1,0,0,99,0,0,0,1,99,1,7011,0,0,502,,,,1,1,0,1,2,2025/09/02 15:11:28
7012,BUDDY GSA International School　サマースクール,BGIS ｻﾏｰｽｸｰﾙ,BGIS　サマースクール,,筑紫野市原田1-11-1,,092-926-8856,,1,0,0,99,0,0,0,1,99,1,7012,0,0,502,,,,1,1,0,1,2,2025/09/02 15:12:22
7013,BUDDY GSA International School　特別保育,BGIS ﾄｸﾍﾞﾂﾎｲｸ,BGIS　特別保育,,筑紫野市原田1-11-1,,092-926-8856,,1,0,0,99,0,0,0,1,99,1,7013,0,0,502,,,,1,0,0,1,2,2025/09/02 15:12:59
7020,株式会社　バディスポーツ,ﾊﾞﾃﾞｨｽﾎﾟｰﾂ,バディスポーツ,,筑紫野市原田1-11-1,,092-926-1002,,1,0,0,99,0,0,0,1,99,1,7020,0,0,261,,,,0,0,0,1,2,2024/07/18 13:13:04
7100,バディスポーツ幼育園　博多南校,ﾊﾞﾃﾞｨｽﾎﾟｰﾂﾖｳｲｸｴﾝ ﾊｶﾀ,バディ博多南校　web,,筑紫郡那珂川町五郎丸1-97,,092-953-7222,,1,0,0,99,0,0,0,1,99,1,7100,0,0,260,,,,0,0,0,1,2,2025/09/10 14:05:27
7101,バディスポーツ幼育園　博多南校　別注,ﾊﾞﾃﾞｨｽﾎﾟｰﾂﾖｳｲｸｴﾝ ﾊｶﾀ ﾍﾞｯﾁｭｳ,バディ博多南別注　内税,,筑紫郡那珂川町五郎丸1-97,,092-953-7222,,1,0,0,99,0,0,0,1,99,1,7101,0,0,260,,,,0,0,0,1,2,2025/09/02 15:13:42
7102,バディスポーツ幼育園　博多南校先生用,ﾊﾞﾃﾞｲｽﾎﾟｰﾂﾊｶﾀﾐﾅﾐ,バディ博多南先生,,福岡県那珂川市五郎丸1-97,,092-953-7222,,1,0,0,99,0,0,0,1,99,1,7102,0,0,252,,,,0,1,0,1,2,2025/09/02 15:14:11
7103,バディスポーツ幼育園博多南校　2号認定,ﾊﾞﾃﾞｨｽﾎﾟｰﾂﾖｳｲｸｴﾝ ﾊｶﾀﾐﾅﾐ 2ｺﾞｳ,バディ博多南校　2号,,福岡県那珂川市五郎丸1-97,,092-953-7222,,1,0,0,99,0,0,0,1,99,1,7103,0,0,260,,,,1,1,0,1,2,2025/09/10 14:10:51
7104,バディスポーツ幼育園　博多南校　別注,ﾊﾞﾃﾞｨｽﾎﾟｰﾂﾖｳｲｸｴﾝ ﾊｶﾀ ﾍﾞｯﾁｭｳ,バディ博多南別注　外税,,福岡県那珂川市五郎丸1-97,,092-953-7222,,1,0,0,99,0,0,0,1,99,1,7104,0,0,260,,,,0,1,0,1,2,2025/09/02 15:15:09
7200,九州中央病院　ひよこ保育園,ｷｭｳｼｭｳﾁｭｳｵｳﾋﾞｮｳｲﾝ ﾋﾖｺﾎｲｸｴﾝ,ひよこ保育園,815-0032,福岡市南区塩原３丁目21-20,,092-552-0188,092-552-0188,1,0,0,99,0,0,0,1,99,1,7200,0,0,242,,,,1,1,0,1,2,2017/01/19 14:32:51
7201,九州中央病院　ひよこ保育園　（別注）,ﾋﾖｺﾎｲｸｴﾝ,ひよこ保育園（別注）,815-0032,福岡市南区塩原３丁目21-20,,092-552-0188,092-552-0188,1,0,0,99,0,0,0,1,99,1,7201,0,0,242,,,,1,1,0,1,2,2025/09/02 15:15:42
7202,九州中央病院　ひよこ保育園,ｷｭｳｼｭｳﾁｭｳｵｳﾋﾞｮｳｲﾝ ﾋﾖｺﾎｲｸｴﾝ,ひよこ保育園,815-0032,福岡市南区塩原３丁目21-20,,092-552-0188,092-552-0188,1,0,0,99,0,0,0,1,99,1,7202,0,0,95,,,,1,1,0,1,2,2015/06/02 14:53:09
7300,太宰府天満宮幼稚園,ﾀﾞｻﾞｲﾌﾃﾝﾏﾝｸﾞｳﾖｳﾁｴﾝ,太宰府天満宮幼稚園,818-0117,太宰府市宰府４丁目７番５号,,092-924-0223,092-921-2255,1,0,0,99,0,0,0,1,99,1,7300,0,0,337,予備,-1.-1,"
",0,1,0,1,2,2025/09/08 11:42:28
7301,太宰府天満宮幼稚園（別注）,ﾀﾞｻﾞｲﾌﾃﾝﾏﾝｸﾞｳﾖｳﾁｴﾝ(ﾍﾞﾂﾁｭｳ),太宰府天満宮幼稚園（別注）,818-0177,太宰府市太宰府４丁目７番５号,,092-924-0223,092-921-2255,1,0,0,99,0,0,0,1,99,1,7301,0,0,338,,,,0,1,0,1,2,2025/09/02 15:18:10
7400,ASOはぐみらい保育園,ASOﾊｸﾞﾐﾗｲﾎｲｸｴﾝ,はぐみらい保育園,812-0016,福岡市博多区駅南2-12-29　2階,,0924152307,0924825298,1,0,0,99,0,0,0,1,99,1,7400,0,0,105,,,,1,1,0,1,2,2025/09/08 11:32:59
7500,順和保育園,ｼﾞｭﾝﾜﾎｲｸｴﾝ,順和保育園,812-0061,福岡市東区筥松2-14-18,,092-611-2250,,1,0,0,99,0,0,0,1,99,1,7500,0,0,35,,,,0,1,0,1,5,2013/09/25 14:14:09
7502,順和保育園,ｼﾞｭﾝﾜﾎｲｸｴﾝ,順和保育園,812-0061,福岡市東区派筥松2-14-18,,092-611-2250,,1,0,0,99,0,0,0,1,99,1,7502,0,0,36,,,,0,1,0,1,5,2013/09/25 14:18:49
7503,順和保育園　おやつ,ｼﾞｭﾝﾜﾎｲｸｴﾝ ｵﾔﾂ,順和保育園　,812-0061,福岡市東区筥松2-14-18,,092-611-2250,,1,0,0,99,0,0,0,1,99,1,7503,0,0,0,,,,0,1,0,1,5,2013/10/10 11:30:51
7600,アリス保育園,ｱﾘｽﾎｲｸｴﾝ,アリス保育園,811-0101,福岡県糟屋郡新宮町新宮中央駅前1丁目1-16,,0929631244,,1,0,0,99,0,0,0,1,99,1,7600,0,0,35,,,,0,1,0,1,2,2025/09/08 11:33:10
7700,水城幼稚園,"ﾐｽﾞｷﾖｳﾁｴﾝ ",水城幼稚園,818-0133,福岡県太宰府市坂本3丁目5-1,,092-925-6311,,1,0,0,99,0,0,0,1,99,1,7700,0,0,336,,,,0,1,0,1,3,2013/09/11 14:57:09
7800,大野南幼稚園,ｵｵﾉﾐﾅﾐﾖｳﾁｴﾝ,大野南幼稚園,816-0955,福岡県大野城市上大利1丁目8-1,,092-596-0160,092-596-3104,1,0,0,99,0,0,0,1,99,1,7800,0,0,333,予備,-2,,1,1,0,1,2,2025/09/10 13:51:39
7801,大野南幼稚園（別注）,ｵｵﾉﾐﾅﾐﾖｳﾁｴﾝ(ﾍﾞﾂﾁｭｳ),大野南幼稚園（別注）,816-0955,福岡県大野城市上大利1丁目8-1,,,,1,0,0,99,0,0,0,1,99,1,7801,0,0,333,,,,1,1,0,1,2,2025/09/02 15:18:49
7802,大野南幼稚園　お泊り保育,ｵｵﾉﾐﾅﾐﾖｳﾁｴﾝ ｵﾄﾏﾘﾎｲｸ,大野南　お泊り保育,816-0955,福岡県大野城市上大利1丁目8-1,,092-596-0610,092-596-3104,1,0,0,99,0,0,0,1,99,1,7802,0,0,333,,,,1,1,0,1,2,2014/10/30 16:41:39
7803,大野南幼稚園　お誕生会,ｵｵｵﾉﾐﾅﾐﾖｳﾁｴﾝ ｵﾀﾝｼﾞｮｳｶｲ,大野南　お誕生会,816-0955,福岡県大野城市上大利1丁目8-1,,092-596-0160,092-596-3104,1,0,0,99,0,0,0,1,99,1,7803,0,0,333,,,"
",1,1,0,1,2,2025/09/08 11:27:15
7804,大野南幼稚園　先生用,ｵｵﾉﾐﾅﾐﾖｳﾁｴﾝ ｾﾝｾｲﾖｳ,大野南幼稚園　先生用,816-0955,福岡県大野城市上大利1丁目8-1,,092-596-0160,092-596-3104,1,0,0,99,0,0,0,1,99,1,7804,0,0,333,,,,1,1,0,1,2,2025/09/02 15:19:05
7900,ツルタみとま幼稚園,ﾂﾙﾀﾐﾄマﾖｳﾁｴﾝ,ツルタみとま幼稚園,811-0212,福岡県福岡市東区美和台5丁目26番1号,,092-607-1361,092-607-3875,1,0,0,99,0,0,0,1,99,1,7900,0,0,55,,,,1,1,0,1,2,2015/01/14 13:03:14
7901,ツルタみとま幼稚園（別注）,ﾂﾙﾀﾐﾄﾏﾖｳﾁｴﾝ(ﾍﾞﾂﾁｭｳ),ツルタみとま幼稚園別注,811-0212,福岡市東区美和台5丁目26-1,,092-607-1361,092-607-3875,1,0,0,99,0,0,0,1,99,1,7901,0,0,56,,,,1,1,0,1,2,2014/10/30 16:41:54
7902,ツルタみとま幼稚園（別注）A,ﾂﾙﾀﾐﾄﾏﾖｳﾁｴﾝ(ﾍﾞﾂﾁｭｳ)2,ツルタみとま幼稚園別注,811-0212,福岡市東区美和台5丁目26-1,,092-607-1361,092-607-3875,1,0,0,99,0,0,0,1,99,1,7902,0,0,56,,,,1,0,0,1,2,2023/02/16 16:03:58
7905,ツルタみとま幼稚園　ファミリーサポート,ﾂﾙﾀﾐﾄマﾖｳﾁｴﾝ ﾌｧﾐﾘｰｻﾎﾟｰﾄ,ツルタみとま　お預かり,811-0212,福岡県福岡市東区美和台5丁目26番1号,,092-607-1361,092-607-3875,1,0,0,99,0,0,0,1,99,1,7905,0,0,55,,,,1,1,0,1,2,2023/06/08 17:04:48
8000,かしはら幼稚園,ｶｼﾊﾗﾖｳﾁｴﾝ,かしはら幼稚園,811-1353,福岡県福岡市南区柏原1丁目12番15号,,092-566-3111,092-566-3819,1,0,0,99,0,0,0,1,99,1,8000,0,0,220,検食,-1,,1,1,0,1,2,2025/09/08 11:42:11
8001,かしはら幼稚園（別注）,ｶｼﾊﾗﾖｳﾁｴﾝ(ﾍﾞｯﾁｭｳ),かしはら幼稚園,811-1353,福岡県福岡市南区柏原1丁目12番15号,,092-566-3111,092-566-3819,1,0,0,99,0,0,0,1,99,1,8001,0,0,220,,,,1,1,0,1,6,2017/07/12 11:28:45
8002,かしはら幼稚園（検食）,ｶｼﾊﾗﾖｳﾁｴﾝ(ｹﾝｼｮｸ),かしはら幼稚園（検食）,811-1353,福岡県福岡市南区柏原1丁目12番15号,,092-566-3111,092-566-3819,1,0,0,99,0,0,0,1,99,1,8002,0,0,220,,,,1,1,0,1,6,2021/10/07 9:10:09
8100,香蘭幼稚園,ｺｳﾗﾝﾖｳﾁｴﾝ,香蘭幼稚園,811-1311,福岡県福岡市横手1丁目12-35,,092-571-3441,092-513-1813,1,0,0,99,0,0,0,1,99,1,8100,0,0,440,予備,2,,0,1,0,1,2,2025/09/02 15:19:51
8101,香蘭幼稚園（別注）,ｺｳﾗﾝﾖｳﾁｴﾝ(ﾍﾞﾂﾁｭｳ),香蘭幼稚園（別注）,811-1311,福岡市南区横手1丁目12-35,,571-3441,513-1813,1,0,0,99,0,0,0,0,99,1,8101,0,0,440,,,,0,1,0,1,4,2021/03/08 17:29:44
8102,香蘭幼稚園　つぼみ組　別注,ｺｳﾗﾝﾖｳﾁｴﾝ ﾂﾎﾞﾐｸﾞﾐ ﾍﾞｯﾁｭｳ,香蘭幼稚園　つぼみ,811-1311,福岡県福岡市南区横手1丁目12-35,,092-571-3441,092-513-1831,1,0,0,99,0,0,0,1,99,1,8102,0,0,441,,,,0,1,0,1,2,2025/09/02 15:20:21
8103,香蘭幼稚園　実習生,ｺｳﾗﾝﾖｳﾁｴﾝ ｼﾞｯｼｭｳｾｲ,香蘭幼稚園,811-1311,福岡県福岡市横手1丁目12-35,,092-571-3441,092-513-1813,1,0,0,99,0,0,0,1,99,1,8103,0,0,440,,,,0,1,0,1,2,2015/03/04 13:46:20
8104,香蘭女子短期大学　保育科,ｺｳﾗﾝｼﾞｮｼﾀﾝｷﾀﾞｲｶﾞｸ ﾎｲｸｶ,香蘭女子保育科,811-1311,福岡市南区横手1丁目12-35,,092-571-3441,092-513-1813,1,0,0,99,0,0,0,1,99,1,8104,0,0,434,,,,0,1,0,1,5,2013/09/12 14:01:32
8105,香蘭幼稚園　つぼみ組　火曜日,ｺｳﾗﾝﾖｳﾁｴﾝ ﾂﾎﾞﾐｸﾞﾐ ｶﾖｳﾋﾞ,香蘭　つぼみ火曜,811-1311,福岡市南区横手1丁目12-35,,092-571-3441,092-513-1831,1,0,0,99,0,0,0,2,99,1,8105,0,0,441,,,,0,1,0,1,2,2015/01/26 16:29:12
8106,香蘭幼稚園　つぼみ組　木曜日,ｺｳﾗﾝﾖｳﾁｴﾝ ﾂﾎﾞﾐｸﾞﾐ ﾓｸﾖｳﾋﾞ,香蘭　つぼみ木曜,811-1311,福岡市南区横手1丁目12-35,,092-571-3441,092-513-1831,1,0,0,99,0,0,0,1,99,1,8106,0,0,441,,,,0,1,0,1,2,2015/01/26 16:29:17
8107,香蘭幼稚園　つぼみ組,ｺｳﾗﾝﾖｳﾁｴﾝ ﾂﾎﾞﾐｸﾞﾐ,香蘭　つぼみ,811-1311,福岡県福岡市南区横手1丁目12-35,,092-571-3441,092-513-1831,1,0,0,99,0,0,0,1,99,1,8107,0,0,441,,,,0,1,0,1,2,2025/09/08 11:32:37
8108,塩原保育園,ｼｵﾊﾞﾙﾎｲｸｴﾝ,塩原保育園,815-0032,福岡県福岡市南区塩原3丁目26-19,,092-554-1188,092-554-1288,1,0,0,99,0,0,0,1,99,1,8108,0,0,441,,,,0,1,0,1,2,2015/01/21 16:10:15
8109,香蘭幼稚園　つぼみ組　金曜日,ｺｳﾗﾝﾖｳﾁｴﾝ ﾂﾎﾞﾐｸﾞﾐ ｷﾝﾖｳﾋﾞ,香蘭　つぼみ金曜,811-1311,福岡市南区横手1丁目12-35,,092-571-3441,092-513-1831,1,0,0,99,0,0,0,1,99,1,8109,0,0,441,,,,0,1,0,1,9,2016/01/19 14:54:19
8110,香蘭幼稚園（別注）　内税,ｺｳﾗﾝﾖｳﾁｴﾝ(ﾍﾞﾂﾁｭｳ) ｳﾁｾﾞｲ,香蘭幼稚園（別注）　内税,811-1311,福岡市南区横手1丁目12-35,,571-3441,513-1813,1,0,0,99,0,0,0,0,99,1,8110,0,0,440,,,,0,0,0,1,2,2025/09/02 15:22:02
8200,円龍幼稚園,ｴﾝﾘｭｳﾖｳﾁｴﾝ,円龍幼稚園,810-0014,福岡県福岡市中央区平尾4丁目1番1号,,092-531-4643,092-531-4641,1,0,0,99,0,0,0,1,99,1,8200,0,0,218,,,,0,1,0,1,3,2013/09/03 19:42:14
8201,円龍幼稚園,ｴﾝﾘｭｳﾖｳﾁｴﾝ,円龍幼稚園,810-0014,福岡県福岡市中央区平尾4丁目1番1号,,092-531-4643,092-531-4641,1,0,0,99,0,0,0,1,99,1,8201,0,0,218,,,,0,1,0,1,1,2014/07/28 12:02:34
8300,岡本保育所,ｵｶﾓﾄﾎｲｸｼｮ,岡本保育所,,福岡県春日市岡本1丁目89,,092-591-3617,092-591-3629,1,0,0,99,0,0,0,1,99,1,8300,0,0,265,,,,0,1,0,1,4,2023/11/06 14:49:25
8301,岡本保育所,ｵｶﾓﾄﾎｲｸｼｮ,岡本保育所,,福岡県春日市岡本1丁目89,,,,1,0,0,99,0,0,0,1,99,1,8301,0,0,0,,,,0,1,0,1,5,2013/10/02 16:40:20
8400,社会福祉法人良和会こぐま保育園,ｼｬｶｲﾌｸｼﾎｳｼﾞﾝ ﾘｮｳﾜｶｲ ｺｸﾞﾏﾎｲｸｴﾝ,こぐま保育園,814-0174,福岡市早良区田隈1-23-43,,092-861-4111,092-861-4180,1,0,0,99,0,0,0,1,99,1,8400,0,0,165,,,,0,1,0,1,4,2013/12/26 11:30:05
8402,社会福祉法人良和会こぐま保育園　先生,"ｼｬｶｲﾌｸｼﾎｳｼﾞﾝﾘｮｳﾜﾖｲｶｲｺｸﾞﾏﾎｲｸｴﾝ ",こぐま保育園　先生,861-4111,福岡市早良区田隈1-23-43,,861-4111,861-4180,1,0,0,99,0,0,0,1,99,1,8402,0,0,165,,,,0,1,0,1,5,2014/01/07 11:10:16
8500,バイリンガルキッズハウス,ﾊﾞｲﾘﾝｶﾞﾙｷｯｽﾞﾊｳｽ,ﾊﾞｲﾘﾝｶﾞﾙ,810-0064,福岡県福岡市中央区地行1-9-10-2F,,092-725-4833,092-725-4855,1,0,0,99,0,0,0,1,99,1,8500,0,0,460,,,"
",0,1,0,1,2,2014/03/20 11:17:36
8600,社会福祉法人清風会　御幸保育園,ﾐﾕｷﾎｲｸｴﾝ,御幸保育園,813-0044,福岡県福岡市東区千早6-8-14,,092-662-1431,092-683-3597,1,0,0,99,0,0,0,1,99,1,8600,0,0,36,,,"
",1,1,0,1,2,2025/09/08 11:27:33
8601,御幸保育園　おやつ,ﾐﾕｷﾎｲｸｴﾝ ｵﾔﾂ,御幸保育園　おやつ,813-0044,福岡県福岡市東区千早6-8-14,,092-662-1431,092-683-3597,1,0,0,99,0,0,0,1,99,1,8600,0,0,36,,,"
",1,1,0,1,2,2015/02/19 9:09:22
8602,社会福祉法人清風会　御幸保育園,ｼｬｶｲﾌｸｼﾎｳｼﾞﾝｾｲﾌｳｶｲ ﾐﾕｷﾎｲｸｴﾝ,御幸保育園,813-0044,福岡県福岡市東区千早6-8-14,,092-662-1431,092-683-3597,1,0,0,99,0,0,0,1,99,1,8602,0,0,36,,,"
",1,1,0,1,2,2015/01/21 15:08:56
8605,社会福祉法人清風会　御幸保育園,ｼｬｶｲﾌｸｼﾎｳｼﾞﾝ ｾｲﾌｳｶｲ ﾐﾕｷﾎｲｸｴﾝ,御幸保育園　延長おやつ,813-0044,福岡県福岡市東区千早6-8-14,,092-662-1431,092-683-3597,1,0,0,99,0,0,0,1,99,1,8605,0,0,36,,,,1,1,0,1,2,2015/01/21 15:10:01
8700,社会福祉法人清風会　香住ヶ丘保育園,ｼｬｶｲﾌｸｼﾎｳｼﾞﾝｾｲﾌｳｶｲｶｽﾐｶﾞｵｶﾎｲｸｴﾝ,香住ヶ丘保育園,813-0003,福岡県福岡市東区香住ヶ丘1-13-10,,092-661-1003,092-672-8288,1,0,0,99,0,0,0,1,99,1,8700,0,0,37,,,"
",0,1,0,1,2,2022/05/30 11:22:29
8702,社会福祉法人清風会　香住ヶ丘保育園,ｼｬｶｲﾌｸｼﾎｳｼﾞﾝｾｲﾌｳｶｲ ｶｽﾐｶﾞｵｶﾎｲｸｴ,香住ヶ丘保育園,813-0003,福岡県福岡市東区香住ヶ丘1-13-10,,092-661-1003,092-672-8288,1,0,0,99,0,0,0,1,99,1,8702,0,0,37,,,"
",0,1,0,1,2,2014/04/15 14:57:06
8705,社会福祉法人清風会　香住ヶ丘保育園,ｼｬｶｲﾌｸｼﾎｳｼﾞﾝｾｲﾌｳｶｲ ｶｽﾐｶﾞｵｶﾎｲｸｴ,香住ヶ丘保育園,813-0003,福岡県福岡市東区香住ヶ丘1-13-10,,092-661-1003,092-672-8288,1,0,0,99,0,0,0,1,99,1,8705,0,0,37,,,,0,1,0,1,2,2014/03/20 12:52:33
8800,社会福祉法人清風会　香住ヶ丘保育園松香台分園,ｼｬｶｲﾌｸｼﾎｳｼﾞﾝｾｲﾌｳｶｲ ｶｽﾐｶﾞｵｶﾎｲｸｴ,香住ヶ丘保　松香台分園,813-0004,福岡県福岡市東区松香台2-1-3,,092-692-7498,092-692-7499,1,0,0,99,0,0,0,1,99,1,8800,0,0,38,,,"
",0,1,0,1,1,2014/05/07 15:56:39
8802,社会福祉法人清風会　香住ヶ丘保育園松香台分園,ｼｬｶｲﾌｸｼﾎｳｼﾞﾝｾｲﾌｳｶｲｶｽﾐｶﾞｵｶﾎｲｸｴﾝ,香住ヶ丘保　松香台分園,813-0004,福岡県福岡市東区松香台2-1-3,,092-692-7498,092-692-7499,1,0,0,99,0,0,0,1,99,1,8802,0,0,38,,,"
",0,1,0,1,1,2014/05/07 15:57:08
8805,社会福祉法人清風会　香住ヶ丘保育園松香台分園,ｼｬｶｲﾌｸｼﾎｳｼﾞﾝｾｲﾌｳｶｲ ｶｽﾐｶﾞｵｶﾎｲｸｴ,香住ヶ丘保　松香台分園,813-0004,福岡県福岡市東区松香台2-1-3,,092-692-7498,092-692-7499,1,0,0,99,0,0,0,1,99,1,8805,0,0,0,,,,0,1,0,1,1,2014/05/07 15:59:01
8806,社会福祉法人清風会　香住ヶ丘保育園松香台分園,ｼｬｶｲﾌｸｼﾎｳｼﾞﾝｾｲﾌｳｶｲ ｶｽﾐｶﾞｵｶﾎｲｸｴ,香住ヶ丘保　松香台分園,813-0004,福岡県福岡市東区松香台2-1-3,,092-692-7498,092-692-7499,1,0,0,99,0,0,0,1,99,1,8706,0,0,0,,,,0,1,0,1,2,2014/03/20 12:54:46
8900,聖心　ウルスラ幼稚園,ｾｲｼﾝ ｳﾙｽﾗﾖｳﾁｴﾝ,ウルスラ,815-0032,福岡県福岡市南区塩原4-25-20,,092-541-2428,,1,0,0,99,0,0,0,1,99,1,8900,0,0,246,,,"
",1,1,0,1,2,2014/12/26 11:03:20
8901,聖心　ウルスラ幼稚園,ｾｲｼﾝ ｳﾙｽﾗﾖｳﾁｴﾝ,ウルスラ,815-0032,福岡県福岡市南区塩原4-25-20,,092-541-2428,,1,0,0,99,0,0,0,1,99,1,8901,0,0,246,,,"
",0,1,0,1,2,2014/10/06 11:31:04
8902,聖心　ウルスラ幼稚園,ｾｲｼﾝ ｳﾙｽﾗﾖｳﾁｴﾝ,ウルスラ,815-0032,福岡県福岡市南区塩原4-25-20,,092-541-2428,,1,0,0,99,0,0,0,1,99,1,8902,0,0,246,,,"
",0,1,0,1,2,2014/03/20 11:36:06
9000,五十川保育園,ｺﾞｼﾞｭｳｶﾜﾎｲｸｴﾝ,五十川,816-0094,福岡市博多区諸岡３−２２−７,,092-585-8501,092-572-2311,1,0,0,99,0,0,0,1,99,1,9000,0,0,0,,,,1,1,0,1,2,2015/02/10 14:31:49
9002,五十川保育園　おやつ,ｺﾞｼﾞｭｳｶﾜﾎｲｸｴﾝ ｵﾔﾂ,五十川保育園　おやつ,816-0094,福岡市博多区諸岡３−２２−７,,092-585-8501,092-572-2311,1,0,0,99,0,0,0,1,99,1,9000,0,0,0,,,,1,1,0,1,2,2015/02/10 14:32:54
9005,五十川保育園　延長おやつ,ｺﾞｼﾞｯｶﾜﾎｲｸｴﾝﾎｲｸｴﾝ ｴﾝﾁｮｳｵﾔﾂ,五十川保育園　延長おやつ,816-0094,福岡市博多区諸岡３−２２−７,,,,1,0,0,99,0,0,0,1,99,1,9005,0,0,0,,,,1,1,0,1,2,2015/02/10 14:32:48
9100,まいむ保育園,ﾏｲﾑﾎｲｸｴﾝ,まいむ,815-0033,福岡県福岡市南区大橋１丁目8番8号,1丁目8番館２F,092-400-6463,092-557-2660,1,0,0,99,0,0,0,1,99,1,9100,0,0,242,,,,1,1,0,1,2,2018/10/25 16:33:26
9200,社会福祉法人四季の会　どろんこ保育園,ｼｬｶｲﾌｸｼﾎｳｼﾞﾝｼｷﾉｶｲ ﾄﾞﾛﾝｺﾎｲｸｴﾝ,どろんこ保育園,812-0018,福岡市博多区吉住1-2-50,,092-271-3343,,1,0,0,99,0,0,0,1,99,1,9200,0,0,0,,,,0,1,0,1,2,2014/05/19 15:58:08
9202,社会福祉法人四季の会　どろんこ保育園,ｼｬｶｲﾌｸｼﾎｳｼﾞﾝｼｷﾉｶｲ ﾄﾞﾛﾝｺﾎｲｸｴﾝ,どろんこ保育園,812-0018,福岡市博多区吉住1-2-50,,092-271-3343,,1,0,0,99,0,0,0,1,99,1,9202,0,0,0,,,,0,1,0,1,3,2014/06/03 14:40:52
9300,ももちはま保育園,ﾓﾓﾁﾊﾏﾎｲｸｴﾝ,ももちはま保育園,814-0001,福岡市早良区百道浜2-3-26,,092-833-2360,092-407-6376,1,0,0,99,0,0,0,1,99,1,9300,0,0,461,,,,1,1,0,1,2,2015/02/18 10:21:38
9400,白金幼稚園,ｼﾛｶﾞﾈﾖｳﾁｴﾝ,白金,810-0012,福岡市中央区白金１−１５−１０,,0925315656,0925315676,1,0,0,99,0,0,0,1,99,1,9400,0,0,0,,,,0,1,0,1,2,2025/09/08 11:36:00
9500,ワーカーズコープデイサービスホット,ﾜｰｶｰｽﾞｺｰﾌﾟﾃﾞｲｻｰﾋﾞｽﾎｯﾄ,ﾜｰｶｽﾞｺｰﾌﾟ（学童）,,,,,,1,0,0,99,0,0,0,1,99,1,9500,0,0,461,,,,0,1,0,1,2,2014/07/01 18:31:46
9600,ひで坊ん家,ﾋﾃﾞﾎﾞｳﾝﾁ,ひで坊ん家,810-0022,福岡県福岡市中央区薬院2-6-32-5Ｆ,,,092-713-2489,1,0,0,99,0,0,0,1,99,1,9600,0,0,511,,,,1,1,0,1,5,2016/06/02 14:45:03
9700,社会福祉法人しののめ会信愛保育園,ｼｬｶｲﾌｸｼﾎｳｼﾞﾝｼﾉﾉﾒｶｲ ｼﾝｱｲﾎｲｸｴﾝ,信愛保育園,813-0043,福岡県福岡市東区名島5丁目5-2,,092-681-6691,092-672-9250,1,0,0,99,0,0,0,1,99,1,9700,0,0,0,,,,1,1,0,1,5,2015/06/26 11:04:07
9703,社会福祉法人しののめ会信愛保育園,ｼｬｶｲﾌｸｼﾎｳｼﾞﾝｼﾉﾉﾒｶｲ ｼﾝｱｲﾎｲｸｴﾝ,信愛保育園,813-0043,福岡県福岡市東区名島5丁目5-2,,092-681-6691,092-672-9250,1,0,0,99,0,0,0,1,99,1,9700,0,0,0,,,,1,1,0,1,5,2015/06/26 11:04:15
9800,医療法人友愛会　友田病院,ｲﾝｲﾘｮｳﾎｳｼﾞﾝﾕｳｱｲｶｲ  ﾄﾓﾀﾞﾋﾞｮｳ,友田病院　きらきら星,812-0894,福岡県福岡市博多区諸岡3丁目10-18,,092-585-6161,092-585-6161,1,0,0,99,0,0,0,1,99,1,9800,0,0,435,,,,1,1,0,1,2,2014/12/26 11:05:58
9802,医療法人友愛会　友田病院,ｲﾝｲﾘｮｳﾎｳｼﾞﾝﾕｳｱｲｶｲ  ﾄﾓﾀﾞﾋﾞｮｳ,友田病院　きらきら星,812-0894,福岡県福岡市博多区諸岡3丁目10-18,,092-585-6161,092-585-6161,1,0,0,99,0,0,0,1,99,1,9802,0,0,435,,,,1,1,0,1,2,2014/12/26 11:09:08
9900,若竹保育園,ﾜｶﾀｹﾎｲｸｴﾝﾜｶﾀｹ,若竹保育園,816-0872,春日市桜ヶ丘4-6,,092-591-6023,,1,0,0,99,0,0,0,1,99,1,9900,0,0,0,,,,1,1,0,1,2,2022/01/27 11:33:06
10000,　　　　　　,"      ",　　　　　　　　　　　　,,,,,,0,0,0,99,0,0,0,0,99,1,10000,0,0,100000,,,"
",0,1,0,1,2,2025/09/08 11:28:04
10001,　　　　　　,"      ",,,,,,,0,0,0,99,0,0,0,0,99,1,10001,0,0,100001,,,,0,1,0,1,2,2021/05/25 11:54:05
10002,　　　　　　,"      ",,,,,,,0,0,0,99,0,0,0,0,99,1,10002,0,0,100002,,,,0,1,0,1,2,2021/05/25 11:54:24
10003,　," ",,,,,,,0,0,0,0,0,0,0,0,99,1,10003,0,0,100003,,,,0,1,0,1,2,2021/05/25 11:54:20
10004,　," ",,,,,,,0,0,0,0,0,0,0,0,99,1,10004,0,0,100004,,,,0,1,0,1,2,2021/05/25 11:54:30
10005,　," ",,,,,,,0,0,0,0,0,0,0,0,99,1,10005,0,0,100005,,,,0,1,0,1,2,2021/05/25 11:54:37
10100,社会福祉法人　みつる会　城浜保育園,ｼｬｶｲﾌｸｼﾎｳｼﾞﾝ ﾐﾂﾙｶｲ ｼﾛﾊﾏﾎｲｸｴﾝ,城浜保育園,813-0045,福岡県福岡市東区城浜団地8-4,,092-661-0631,092-661-0638,1,0,0,99,0,0,0,1,99,1,10100,0,0,0,,,"
",0,1,0,1,2,2014/06/11 9:36:03
10101,社会福祉法人　みつる会　城浜保育園別注,ｼｬｶｲﾌｸｼﾎｳｼﾞﾝ ﾐﾂﾙｶｲ ｼﾛﾊﾏﾎｲｸｴﾝﾍﾞ,城浜保育園　別注,813-0045,福岡県福岡市東区城浜団地8-4,,092-661-0631,092-661-6638,1,0,0,99,0,0,0,0,99,1,10101,0,0,0,,,,0,1,0,1,7,2014/07/08 13:59:29
10200,学校法人　大石学園　三井幼稚園,ｶﾞｯｺｳﾎｳｼﾞﾝ ｵｵｲｼｶﾞｸｴﾝ ﾐｲﾖｳﾁｴﾝ,三井幼稚園,838-0111,福岡県小郡市吹上1060,,0942-72-6984,0942-72-1195,1,0,0,99,0,0,0,1,99,1,10200,0,0,464,,,,1,1,0,1,2,2015/03/18 14:03:03
10201,学校法人　大石学園　三井幼稚園,ｶﾞｯｺｳﾎｳｼﾞﾝ ｵｵｲｼｶﾞｸｴﾝ ﾐｲﾖｳﾁｴﾝ,三井幼稚園,838-0111,福岡県小郡市吹上1060,,0942-72-6984,0942-72-1195,1,0,0,99,0,0,0,1,99,1,10201,0,0,464,,,,0,1,0,1,2,2014/11/10 10:06:33
10300,こりす保育園,ｺﾘｽﾎｲｸｴﾝ,こりす保育園,810-0032,福岡市中央区輝国2-8-24,,090-7293-6200,,0,0,0,99,0,0,0,1,99,1,10300,0,0,0,,,,1,1,0,1,2,2014/10/30 16:44:47
10400,けいあい保育園,ｹｲｱｲﾎｲｸｴﾝ,けいあい保育園,812-0044,福岡県福岡市博多区千代1丁目1-55,,092-631-2255,,1,0,0,99,0,0,0,1,99,1,10400,0,0,93,,,,1,1,0,1,2,2014/12/26 11:00:58
10402,社会福祉法人　敬愛園　けいあい保育園（アットホーム福岡),ｼｬｶｲﾌｸｼﾎｳｼﾞﾝ ｹｲｱｲｴﾝ ｹｲｱｲﾎｲｸｴﾝ(,けいあい保育園,812-0044,福岡県福岡市博多区千代1丁目1-55,,092-631-2255,,1,0,0,99,0,0,0,1,99,1,10402,0,0,93,,,,1,1,0,1,2,2014/10/30 16:44:43
10500,託児所　あしあとの樹,ﾀｸｼﾞｼｮ ｱｼｱﾄﾉｷ,あしあとの樹,819-0005,福岡市西区内浜2-32-15,,092-834-9111,092-834-9181,1,0,0,99,0,0,0,1,99,1,10500,0,0,467,,,,1,1,0,1,2,2015/01/07 11:36:23
10600,にしじん森の子保育園,ﾆｼｼﾞﾝﾓﾘﾉｺﾎｲｸｴﾝ,森の子保育園,814-0003,福岡市早良区城西3-21-15,ジョイフル西新2F,092-833-1230,092-833-1231,1,0,0,99,0,0,0,1,99,1,10600,0,0,467,,,,0,1,0,1,2,2018/08/06 10:14:17
10700,わかば保育園,ﾜｶﾊﾞﾎｲｸｴﾝ,わかば保育園,812-0888,福岡市博多区板付3丁目15-2,,092-582-9235,092-582-7611,1,0,0,99,0,0,0,1,99,1,10700,0,0,0,,,,1,1,0,1,6,2022/02/01 15:27:52
10703,わかば保育園　おやつ,ﾜｶﾊﾞﾎｲｸｴﾝ ｵﾔﾂ,わかば保育園,812-0888,福岡市博多区板付3丁目15-2,,092-582-9235,092-582-7611,1,0,0,99,0,0,0,1,99,1,10700,0,0,0,,,,1,1,0,1,2,2015/02/09 11:45:41
10800,大野幼稚園,ｵｵﾉﾖｳﾁｴﾝ,大野幼稚園,816-0934,福岡県大野城市曙町1-2-27,,092-572-8662,092-572-8670,1,0,0,99,0,0,0,1,99,1,10800,0,0,334,,,,1,1,0,1,5,2015/03/18 13:38:47
10801,大野幼稚園,ｵｵﾉﾖｳﾁｴﾝ,大野幼稚園,816-0934,福岡県大野城市曙町1-2-27,,092-572-8662,092-572-8670,1,0,0,99,0,0,0,1,99,1,10801,0,0,334,,,,1,1,0,1,2,2015/09/16 11:25:14
10900,やまのみ保育園,ﾔﾏﾉﾐﾎｲｸｴﾝ,やまのみ保育園,813-0001,福岡県福岡市東区唐原5丁目10-22,,092-672-1022,092-672-1066,1,0,0,99,0,0,0,1,99,1,10900,0,0,0,,,,1,1,0,1,2,2015/01/23 11:38:22
10901,やまのみ保育園　別注,ﾔﾏﾉﾐﾎｲｸｴﾝ ﾍﾞｯﾁｭｳ,やまのみ保育園　別注,813-0001,福岡県福岡市東区唐原5丁目10-22,,092-672-1022,092-672-1066,1,0,0,99,0,0,0,1,99,1,10901,0,0,0,,,,1,1,0,1,2,2015/01/23 11:38:58
10902,やまのみ保育園　先生用,ﾔﾏﾉﾐﾎｲｸｴﾝ ｾﾝｾｲﾖｳ,やまのみ保育園　先生用,813-0001,福岡県福岡市東区唐原5丁目10-22,,092-672-1022,092-672-1066,1,0,0,99,0,0,0,1,99,1,10902,0,0,0,,,,1,1,0,1,2,2015/01/23 11:39:15
10903,やまのみ保育園　タウン園児,ﾔﾏﾉﾐﾎｲｸｴﾝ ﾀｳﾝｴﾝｼﾞ,やまのみ保育園　タウン園児,813-0001,福岡県福岡市東区唐原5丁目10-22,,092-672-1022,092-672-1066,1,0,0,99,0,0,0,1,99,1,10903,0,0,0,,,,1,1,0,1,2,2015/02/03 9:07:17
10904,やまのみ保育園　おやつ,ﾔﾏﾉﾐﾎｲｸｴﾝ ｵﾔﾂ,やまのみ保育園　おやつ,813-0001,福岡県福岡市東区唐原5丁目10-22,,092-672-1022,092-672-1066,1,0,0,99,0,0,0,1,99,1,10900,0,0,0,,,,1,1,0,1,2,2015/02/09 13:17:21
11000,託児ルーム　アンジュ・ブラン,ﾀｸｼﾞﾙｰﾑ ｱﾝｼﾞｭ･ﾌﾞﾗﾝ,アンジュブラン,814-0006,福岡市早良区百道3-6-9,,092-215-1234,215-1234,1,0,0,99,0,0,0,1,99,1,11000,0,0,462,,,,1,1,0,1,2,2025/09/02 16:13:17
11100,須玖幼稚園　×使用しない,"ｽｸﾞﾖｳﾁｴﾝ ",須玖幼稚園,816-.864,福岡県春日市須玖北8-56,,092-582-9830,092-582-9831,1,0,0,99,0,0,0,1,99,1,11100,0,0,265,,,,0,1,0,1,2,2025/09/02 15:22:53
11200,松崎幼稚園,ﾏﾂｻﾞｷﾖｳﾁｴﾝ,松崎幼稚園,813-0041,福岡県福岡市東区水谷1-19-30,,092-681-2213,092-674-6911,1,0,0,99,0,0,0,1,99,1,11200,0,0,79,,,,0,1,0,1,2,2015/03/10 14:25:33
11201,松崎幼稚園,ﾏﾂｻﾞｷﾖｳﾁｴﾝ,松崎幼稚園,813-0041,福岡県福岡市東区水谷1-19-30,,092-681-2213,092-674-6911,1,0,0,99,0,0,0,1,99,1,11201,0,0,79,,,,0,1,0,1,2,2015/04/14 13:47:46
11300,清星幼稚園,ｾｲｾｲﾖｳﾁｴﾝ,清星幼稚園,811-1344,福岡市南区三宅1-17-12,,092-541-6820,092-541-6821,1,0,0,99,0,0,0,1,99,1,11300,0,0,225,,,,0,1,0,1,2,2015/03/10 13:03:45
11400,双葉中央保育園,ﾌﾀﾊﾞﾁｭｳｵｳﾎｲｸｴﾝ,双葉中央保育園,811-3217,福岡県福津市中央5-1-4,,0940-42-3067,0940-42-3067,1,0,0,99,0,0,0,1,99,1,11400,0,0,32,,,,1,1,0,1,2,2015/03/27 15:32:06
11500,Kids　JR　高取,Kids JR ﾀｶﾄﾘ,KidsJR高取,814-0012,福岡市早良区昭代3-7-9,,092-407-6997,092-407-6997,1,0,0,99,0,0,0,1,99,1,11500,0,0,0,,,,1,1,0,1,9,2015/04/23 10:56:13
11501,Kids　JR　高取,Kids JR ﾀｶﾄﾘ,KidsJR高取,814-0012,福岡市早良区昭代3-7-9,,092-407-6997,092-407-6997,1,0,0,99,0,0,0,1,99,1,11501,0,0,0,,,,1,1,0,1,2,2015/11/16 15:06:13
11502,Kids　JR　高取　先生用,Kids JR ﾀｶﾄﾘ ｾﾝｾｲﾖｳ,KidsJR高取,814-0012,福岡市早良区昭代3-7-9,,092-407-6997,092-407-6997,1,0,0,99,0,0,0,1,99,1,11502,0,0,0,,,,1,1,0,1,2,2015/11/16 15:07:03
11600,須玖幼稚園,ｽｸﾞﾖｳﾁｴﾝ,須玖幼稚園,816-0871,春日市須玖北8-56,,092-582-9830,092-582-9831,1,0,0,99,0,0,0,1,99,1,11600,0,0,265,,,,1,1,0,1,6,2015/03/25 8:53:53
11601,須玖幼稚園　保護者の会,ｽｸﾞﾖｳﾁｴﾝ ﾎｺﾞｼｬﾉｶｲ,須玖　保護者の会,816-0871,春日市須玖北8-56,,092-582-9830,092-582-9831,1,0,0,99,0,0,0,1,99,1,11601,0,0,265,,,,1,1,0,1,2,2025/09/02 15:23:05
11700,夜須幼稚園,ﾔｽﾖｳﾁｴﾝ,夜須幼稚園,838-0214,福岡県朝倉郡筑前町東小田1864,,0946-42-5199,0946-42-2207,1,0,0,99,0,0,0,1,99,1,11700,0,0,463,,,,1,1,0,1,6,2017/07/05 12:56:39
11800,南ヶ丘託児所　こぐま園,ﾐﾅﾐｶﾞｵｶﾀｸｼﾞｼｮ ｺｸﾞﾏｴﾝ,南ヶ丘　こぐま園,816-0964,大野城市南ヶ丘5-8-22,,092-596-5902,092-596-5902,1,0,0,99,0,0,0,1,99,1,11800,0,0,309,,,,1,1,0,1,2,2015/03/23 9:49:40
11900,キッズサポート博多中央,ｷｯｽﾞｻﾎﾟｰﾄﾊｶﾀﾁｭｳｵｳ,キッズサポート博多中央,812-0039,福岡市博多区冷泉町12-8,アサヒプラザ１F,092-262-5566,,1,0,0,99,0,0,0,1,99,1,11900,0,0,103,,,,1,1,0,1,2,2015/03/27 9:27:57
12000,にじいろの光保育園,ﾆｼﾞｲﾛﾉﾋｶﾘﾎｲｸｴﾝ,にじいろの光保育園,,春日市一の谷2-6,,092-574-1073,,1,0,0,99,0,0,0,1,99,1,12000,0,0,0,,,,1,1,0,1,2,2015/04/08 13:53:52
12100,大濠すくすく保育園,ｵｵﾎﾘｽｸｽｸﾎｲｸｴﾝ,大濠すくすく保育園,810-0062,福岡市中央区荒戸1-4-17,,092-781-3535,,1,0,0,99,0,0,0,1,99,1,12100,0,0,467,,,,1,1,0,1,6,2015/10/13 13:22:55
12200,九州医療センター　ひまわり保育園,ｷｭｳｼｭｳｲﾘｮｳｾﾝﾀｰ ﾋﾏﾜﾘﾎｲｸｴﾝ,ひまわり保育園,814-0001,福岡県福岡市早良区百道浜1-6-1,,092-834-1161,092-834-1162,1,0,0,99,0,0,0,1,99,1,12200,0,0,461,,,,1,1,0,1,6,2015/11/19 11:07:08
12300,那珂の森保育園,ﾅｶﾉﾓﾘﾎｲｸｴﾝ,那珂の森保育園,811-1251,福岡県筑紫郡那珂川町大字五郎丸3丁目16-1,,092-952-0585,,1,0,0,99,0,0,0,1,99,1,12300,0,0,0,,,,1,1,0,1,6,2018/05/25 15:10:39
12400,アイランドシティコスモス保育園,ｱｲﾗﾝﾄﾞｼﾃｨｺｽﾓｽﾎｲｸｴﾝ,アイランドシティ,813-0017,福岡県福岡市東区香椎照葉2丁目2-11,,092-662-1501,092-662-1502,1,0,0,99,0,0,0,1,99,1,12400,0,0,0,,,,1,1,0,1,2,2015/06/24 15:57:17
12401,寺塚コスモス保育園,ﾃﾗﾂﾞｶｺｽﾓｽﾎｲｸｴﾝ,寺塚コスモｽ,815-0074,福岡市南区寺塚1-21-20,,,,1,0,0,99,0,0,0,1,99,1,12401,0,0,0,,,,1,1,0,1,2,2015/06/24 15:58:22
12402,笹丘コスモス保育園,ｻｻｵｶｺｽﾓｽﾎｲｸｴﾝ,笹丘コスモス,810-0034,福岡市中央区笹丘3-2-1,,,,1,0,0,99,0,0,0,1,99,1,12402,0,0,0,,,,1,1,0,1,2,2015/06/24 15:59:49
12403,伊都コスモス保育園,ｲﾄｺｽﾓｽﾎｲｸｴﾝ,伊都コスモス,819-0367,福岡市西区西都2-20-10,,,,1,0,0,99,0,0,0,1,99,1,12403,0,0,0,,,,1,1,0,1,2,2015/06/24 16:00:57
12404,杜の宮コスモス保育園,ﾓﾘﾉﾐﾔｺｽﾓｽﾎｲｸｴﾝ,杜の宮コスモス,811-0122,糟屋郡新宮町杜の宮3-12-1,,,,1,0,0,99,0,0,0,1,99,1,12404,0,0,0,,,,1,1,0,1,2,2015/06/24 16:09:52
12405,下府コスモス保育園,ｼﾓﾉﾌｺｽﾓｽﾎｲｸｴﾝ,下府コスモス,811-0112,糟屋郡新宮町下府6-13-41,,,,1,0,0,99,0,0,0,1,99,1,12405,0,0,0,,,,1,1,0,1,2,2015/06/24 16:12:53
12500,あおりんご,ｱｵﾘﾝｺﾞ,あおりんご,,春日市大谷5-3,,092-558-7531,092-558-7541,1,0,0,99,0,0,0,1,99,1,12500,0,0,0,,,,1,1,0,1,3,2017/08/04 17:43:41
12600,活繻会　さかいの樹　若久,ｲｺｳｶｲ ｻｶｲﾉｷ ﾜｶﾋｻ,さかいの樹　若久,815-0042,福岡市南区若久1-1-22,,092-555-2347,092-554-3089,1,0,0,99,0,0,0,1,99,1,12600,0,0,215,,,,1,1,0,1,2,2016/12/01 14:59:14
12700,太郎保育園,ﾀﾛｳﾎｲｸｴﾝ,太郎保育園,819-0384,福岡市西区太郎丸2-7-3,,092-806-2821,092-806-2874,1,0,0,99,0,0,0,1,99,1,12700,0,0,0,,,,1,1,0,1,2,2015/08/17 9:10:15
12703,太郎保育園,ﾀﾛｳﾎｲｸｴﾝ,太郎保育園　おやつ,819-0384,福岡市西区太郎丸2-7-3,,092-806-2821,092-806-2874,1,0,0,99,0,0,0,1,99,1,12700,0,0,0,,,,1,1,0,1,2,2015/07/27 9:39:07
12800,こじか保育園,ｺｼﾞｶﾎｲｸｴﾝ,こじか保育園,819-0383,福岡市西区田尻1-7-21,,092-807-8308,092-807-9089,1,0,0,99,0,0,0,1,99,1,12800,0,0,0,,,,1,1,0,1,2,2015/09/24 17:08:17
12802,こじか保育園　おやつ,ｺｼﾞｶﾎｲｸｴﾝ ｵﾔﾂ,こじか保育園　おやつ,819-0383,福岡市西区田尻1-7-21,,092-807-8308,092-807-9089,1,0,0,99,0,0,0,1,99,1,12800,0,0,0,,,,1,1,0,1,2,2015/09/24 17:08:32
12803,こじか保育園,ｺｼﾞｶﾎｲｸｴﾝ,こじか保育園　おやつ,819-0383,福岡市西区田尻1-7-21,,092-807-8308,092-807-9089,1,0,0,99,0,0,0,1,99,1,12800,0,0,0,,,,1,1,0,1,2,2015/07/27 9:38:57
12900,児童発達支援　いろは　そうり,ｲﾛﾊ ｿｳﾘ,児童発達支援　いろは　そうり,816-0813,福岡県春日市惣利2-35,本田コーポ１F,092-558-6559,092-558-6560,1,0,0,99,0,0,0,0,99,1,12900,0,0,338,,,,1,1,0,1,5,2025/03/31 11:17:50
12910,児童発達支援　いろは,ｼﾞﾄﾞｳﾊｯﾀﾂｼｴﾝ ｲﾛﾊ,児童発達支援　いろは　,816-0802,春日市春日原北町1-3-52,パークハウス春日原ステーションレジデンス１F１B,092-707-8570,092-707-8571,1,0,0,99,0,0,0,0,99,1,12910,0,0,338,,,,1,1,0,1,2,2024/03/01 15:12:58
13000,学校法人奈良屋学園　奈良屋幼稚園,ｶﾞｯｺｳﾎｳｼﾞﾝﾅﾗﾔｶﾞｸｴﾝ ﾅﾗﾔﾖｳﾁｴﾝ,奈良屋幼稚園,812-0023,福岡市博多区奈良屋町1-6,,092-291-3554,092-291-3557,1,0,0,99,0,0,0,1,99,1,13000,0,0,105,,,,1,1,0,1,3,2023/04/14 13:29:43
13001,奈良屋幼稚園　（別注）,ﾅﾗﾔﾖｳﾁｴﾝ ﾍﾞｯﾁｭｳ(),奈良屋幼稚園　別注,812-0023,福岡市博多区奈良屋町1-6,,092-291-3554,,1,0,0,99,0,0,0,1,99,1,13001,0,0,105,,,,1,1,0,1,2,2025/09/02 15:23:27
13002,奈良屋幼稚園　奥田先生,ﾅﾗﾔﾖｳﾁｴﾝ ｵｸﾀﾞ,奈良屋幼稚園　奥田先生,812-0023,福岡市博多区奈良屋町1-6,,092-291-3554,,1,0,0,99,0,0,0,1,99,1,13002,0,0,105,,,,1,1,0,1,2,2025/09/02 15:24:05
13003,奈良屋幼稚園　実習生,ｶﾞｯｺｳﾎｳｼﾞﾝﾅﾗﾔｶﾞｸｴﾝ ﾅﾗﾔﾖｳﾁｴﾝ ｵｸ,奈良屋幼稚園　実習生,812-0023,福岡市博多区奈良屋町1-6,,092-291-3554,,1,0,0,99,0,0,0,1,99,1,13003,0,0,105,,,,1,1,0,1,2,2017/01/20 10:32:20
13004,奈良屋幼稚園　先生,ｶﾞｯｺｳﾎｳｼﾞﾝﾅﾗﾔｶﾞｸｴﾝ ﾅﾗﾔﾖｳﾁｴﾝ ｾﾝ,奈良屋幼稚園　先生,812-0023,福岡市博多区奈良屋町1-6,,092-291-3554,,1,0,0,99,0,0,0,1,99,1,13004,0,0,105,,,,1,1,0,1,3,2023/04/14 13:30:48
13005,奈良屋幼稚園　平田先生,ﾅﾗﾔﾖｳﾁｴﾝ ﾋﾗﾀｾﾝｾｲ,奈良屋幼稚園　平田先生,812-0023,福岡市博多区奈良屋町1-6,,092-291-3554,,1,0,0,99,0,0,0,1,99,1,13005,0,0,105,,,,1,1,0,1,2,2025/09/02 15:24:31
13100,英進館,ｴｲｼﾝｶﾝ,英進館,,,,,,0,0,0,0,0,0,0,0,0,1,13100,0,0,0,,,,0,1,0,1,2,2015/08/18 9:05:43
13200,淑明学園　心をゆさぶる共育の学舎,ｺｺﾛｦﾕｻﾌﾞﾙｷｮｳｲｸﾉﾏﾅﾋﾞﾔ,心をゆさぶる共育の学舎,813-0011,福岡市東区香椎1-10-3,,092-671-9684,092-671-9676,1,0,0,99,0,0,0,1,99,1,13200,0,0,0,,,,1,1,0,1,2,2015/08/28 15:39:51
13300,スマイルガーデン幼児園,ｽﾏｲﾙｶﾞｰﾃﾞﾝﾖｳｼﾞｴﾝ,スマイルガーデン,,春日市春日公園７丁目-100,,090-2719-4892,092-922-1088,1,0,0,99,0,0,0,1,99,1,13300,0,0,339,,,,1,1,0,1,2,2015/12/18 11:28:23
13400,星の原保育園,ﾎｼﾉﾊﾗﾎｲｸｴﾝ,星の原保育園,814-0162,福岡市早良区星の原団地68-1,,092-801-5188,,1,0,0,99,0,0,0,1,99,1,13400,0,0,0,,,,1,1,0,1,2,2015/10/06 9:48:44
13500,いずみ保育園,ｲｽﾞﾐﾎｲｸｴﾝ,いずみ保育園,815-0063,福岡市南区柳河内2丁目6-69,,092-512-0077,092-512-0138,1,0,0,99,0,0,0,1,99,1,13500,0,0,221,,,,1,1,0,1,2,2016/01/26 11:35:59
13502,いずみ保育園　（先生用）,ｲｽﾞﾐﾎｲｸｴﾝ (ｾﾝｾｲﾖｳ),いずみ保育園,815-0063,福岡市南区柳河内2丁目6-69,,092-512-0077,092-512-0138,1,0,0,99,0,0,0,1,99,1,13502,0,0,221,,,,1,1,0,1,2,2016/01/27 11:46:06
13600,キンダーキッズインターナショナルスクール,ｷﾝﾀﾞｰｷｯｽﾞｲﾝﾀｰﾅｼｮﾅﾙｽｸｰﾙ,ｷﾝﾀﾞｰｷｯｽﾞ,814-0001,福岡市早良区百道浜2丁目4-27,福岡ＡＩﾋﾞﾙ　１Ｆ,092-832-6828,092-832-6829,1,0,0,99,0,0,0,1,99,1,13600,0,0,467,,,,1,1,0,1,5,2017/05/10 11:15:46
13700,輝育塾　春日教室,ｷｲｸｼﾞｭｸ,輝育塾,816-0824,福岡県春日市小倉2-149-1,サンヒルズ小倉1F,092-502-3275,092-502-3275,1,0,0,99,0,0,0,1,99,1,13700,0,0,0,,,,1,1,0,1,5,2016/06/02 14:45:30
13800,あすなろ保育園,ｱｽﾅﾛﾎｲｸｴﾝ,あすなろ保育園,811-2415,粕屋郡篠栗町津波黒671-1,,948-2263,948-2333,1,0,0,99,0,0,0,1,99,1,13800,0,0,0,,,,0,0,0,1,6,2020/02/06 12:49:46
13900,東京インターナショナルスクール　大濠キンダーガーテン,ﾄｳｷｮｳｲﾝﾀｰﾅｼｮﾅﾙｽｸｰﾙ ｵｵﾎﾘｷﾝﾀﾞｰｶﾞ,大濠キンダーガーテン　web,810-0053,福岡市中央区鳥飼1-4-53,,718-7772,718-7773,1,0,0,99,0,0,0,1,0,1,13900,0,0,467,,,,0,0,0,1,2,2025/09/10 14:05:33
13902,東京インターナショナルスクール　大濠アフタースクール,ｵｵﾎﾘｱﾌﾀｰｽｸｰﾙｲﾝﾀｰﾅｼｮﾅﾙｽｸｰﾙｱﾌﾀｰｽ,大濠アフタースクール,810-0053,福岡市中央区鳥飼1-4-53,,718-7772,718-7773,1,0,0,99,0,0,0,1,0,1,13902,0,0,0,,,,1,0,0,1,2,2025/09/10 14:11:49
13903,東京インターナショナルスクール　大濠アフタースクール（先生）,ｵｵﾎﾘｱﾌﾀｰｽｸｰｲﾝﾀｰﾅｼｮﾅﾙｽｸｰﾙｱﾌﾀｰｽｸ,大濠アフタースクール　先生,810-0053,福岡市中央区鳥飼1-4-53,,718-7772,718-7773,1,0,0,99,0,0,0,1,0,1,13903,0,0,0,,,,1,0,0,1,2,2025/09/02 16:14:15
13904,東京インターナショナルスクール　大濠アフタースクール先生2,ｵｵﾎﾘｱﾌﾀｰｽｸｰ,大濠アフタースクール先生2,810-0053,福岡市中央区鳥飼1-4-53,,718-7772,718-7773,1,0,0,99,0,0,0,1,0,1,13904,0,0,0,,,,0,0,0,1,2,2025/09/02 16:15:04
13905,東京インターナショナルスクール　大濠アフタースクール　別注,ｵｵﾎﾘｱﾌﾀｰｽｸｰ,大濠アフタースクール別注,810-0053,福岡市中央区鳥飼1-4-53,,718-7772,718-7773,1,0,0,99,0,0,0,1,0,1,13905,0,0,0,,,,1,0,0,1,2,2025/09/02 16:15:34
13906,大濠キンダーガーテン　別注（外税）,ｵｵﾎﾘｷﾝﾀﾞｶﾞｰｷﾝﾀﾞｰｶﾞｰﾃﾝ,大濠キンダーガーテン別注,810-0053,福岡市中央区鳥飼1-4-53,,718-7772,718-7773,1,0,0,99,0,0,0,1,0,1,13906,0,0,0,,,,1,1,0,1,2,2025/09/10 14:12:10
13907,大濠キンダーガーテン　別注　内税,ｵｵﾎﾘｷﾝﾀﾞｶﾞｰﾃﾝ,大濠キンダーガーテン別注,810-0053,福岡市中央区鳥飼1-4-53,,718-7772,718-7773,1,0,0,99,0,0,0,1,0,1,13907,0,0,0,,,,1,0,0,1,2,2025/09/02 16:16:51
13908,大濠キンダーガーテン　別注2　内税,ｵｵﾎﾘｷﾝﾀﾞｶﾞｰﾃﾝ,大濠キンダーガーテン別注2,810-0053,福岡市中央区鳥飼1-4-53,,718-7772,718-7773,1,0,0,99,0,0,0,1,0,1,13908,0,0,0,,,,1,0,0,1,2,2025/09/02 16:17:32
14000,ハグポン　藤崎教室,ﾊｸﾞﾎﾟﾝ ﾌｼﾞｻｷｷｮｳｼﾂ,ハグポン,814-0011,福岡市早良区高取1丁目1-22,高取田中ビル1F,092-831-0001,092-831-0001,1,0,0,99,0,0,0,1,99,1,14000,0,0,0,,,,1,1,0,1,6,2017/08/07 14:10:28
14100,まなび保育園,ﾏﾅﾋﾞﾎｲｸｴﾝ,まなび保育園,815-0033,福岡市南区大橋2-16-110号,,092-511-8760,092-555-3673,1,0,0,99,0,0,0,1,99,1,14100,0,0,220,,,,1,1,0,1,2,2016/03/28 9:18:08
14102,まなび保育園　先生用,ﾏﾅﾋﾞﾎｲｸｴﾝ ｾﾝｾｲﾖｳ,まなび保育園,815-0033,福岡市南区大橋2-16-110号,,092-511-8760,092-555-3673,1,0,0,99,0,0,0,1,99,1,14102,0,0,220,,,,1,1,0,1,2,2016/06/09 16:11:01
14200,社会福祉法人大楠会　平野保育園,ｼｬｶｲﾌｸｼﾎｳｼﾞﾝｵｵｸｽｶｲ ﾋﾗﾉﾎｲｸｴﾝ,平野保育園,816-0971,福岡県大野城市牛頸4丁目7番20号,,092-596-6200,092-596-1935,1,0,0,99,0,0,0,1,99,1,14200,0,0,335,,,,1,1,0,1,2,2016/04/13 15:20:50
14302,ナーサリーライムスクール　職員用,ﾅｰｻﾘｰﾗｲﾑｽｸｰﾙ ｼｮｸｲﾝﾖｳ,ﾅｰｻﾘｰﾗｲﾑ,814-0175,福岡県福岡市早良区田村6丁目21-7,,092-801-4302,092-801-4195,1,0,0,99,0,0,0,1,99,1,14302,0,0,0,,,,1,1,0,1,2,2016/07/25 9:02:47
14400,弥永保育園,ﾔﾅｶﾞﾎｲｸｴﾝ,弥永保育園,811-1322,福岡市南区弥永団地31-1,,092-571-0337,092-571-0523,1,0,0,99,0,0,0,1,99,1,14400,0,0,0,,,,1,1,0,1,2,2019/02/25 15:58:28
14500,おーるはっぴぃ,ｵｰﾙﾊｯﾋﾟｨ,おーるはっぴぃ,815-0033,福岡市南区大橋1-1-17,サンシャイン東602,210-7615,210-7615,1,0,0,99,0,0,0,1,99,1,14500,0,0,460,,,,1,1,0,1,2,2018/03/20 10:09:55
14502,おーるはっぴぃ　先生用,ｵｰﾙﾊｯﾋﾟｨ ｾﾝｾｲﾖｳ,おーるはっぴぃ　先生用,815-0033,福岡市南区大橋1-1-17,サンシャイン東602,080-2780-2625,,1,0,0,99,0,0,0,1,99,1,14502,0,0,221,,,,1,1,0,1,6,2016/08/31 9:39:41
14600,田島保育園,ﾀｼﾞﾏﾎｲｸｴﾝ,田島保育園,814-0113,福岡県福岡市城南区田島2-28,,092-822-4568,092-822-4795,1,0,0,99,0,0,0,1,99,1,14600,0,0,0,,,,1,1,0,1,2,2016/10/12 17:26:39
14700,アメリカンチャターボックス,ｱﾒﾘｶﾝﾁｬﾀｰﾎﾞｯｸｽ,アメリカンチャターボックス,,福岡市早良区百道浜1丁目,3-70-5212,092-847-6615,092-847-6631,1,0,0,99,0,0,0,1,99,1,14700,0,0,469,,,,1,1,0,1,6,2017/01/06 12:50:16
14710,アメリカンチャターボックス大名校,ｱﾒﾘｶﾝﾁｬﾀｰﾎﾞｯｸｽﾀﾞｲﾐｮｳｺｳ,アメリカンチャターボックス大名,,福岡市中央区大名2丁目6-53ガーデンシティ　テラス棟3階,,092-707-3181,092-707-3182,1,0,0,99,0,0,0,1,99,1,14710,0,0,470,,,,1,1,0,1,7,2024/01/29 15:04:19
14720,アメリカンチャターボックス浄水校,ｱﾒﾘｶﾝﾁｬﾀｰﾎﾞｯｸｽｼﾞｮｳｽｲｺｳ,アメリカンチャター浄水校,810-0028,福岡市中央区浄水通3-3浄水フラッツ401,,092-401-5577,092-401-5578,1,0,0,99,0,0,0,1,99,1,14720,0,0,469,,,,1,1,0,1,2,2025/09/02 16:17:51
14800,西新保育園,ﾆｼｼﾞﾝﾎｲｸｴﾝ,西新保育園,814-0004,福岡市早良区曙1丁目3-26,,092-821-7969,092-821-4209,1,0,0,99,0,0,0,1,99,1,14800,0,0,0,,,,1,1,0,1,2,2016/10/19 16:41:05
14900,若久たんぽぽ保育園,ﾜｶﾋｻﾀﾝﾎﾟﾎﾟﾎｲｸｴﾝ,たんぽぽ保育園,815-0042,福岡市南区若久3丁目14-25,,092-562-4152,092-562-4152,1,0,0,99,0,0,0,1,99,1,14900,0,0,210,,,,1,1,0,1,2,2017/01/12 16:32:31
15000,博多みなみ保育園,ﾊｶﾀﾐﾅﾐﾎｲｸｴﾝ,博多みなみ保育園,811-1213,福岡県那珂川市中原3-124　ラ・シュネガ1F1号室,,092-986-4431,092-985-7631,1,0,0,99,0,0,0,1,10,1,15000,0,0,260,,,,1,1,0,1,7,2022/03/24 11:07:37
15010,みなみの風保育園,ﾐﾅﾐﾉｶｾﾞﾎｲｸｴﾝ,みなみの風保育園,811-1213,福岡県那珂川市中原2-124　,,092-985-7631,,1,0,0,99,0,0,0,1,10,1,15010,0,0,260,,,,1,1,0,1,7,2023/11/15 16:49:12
15100,福岡朝鮮初級学校　附属幼稚園,ﾌｸｵｶﾁｮｳｾﾝｼｮｷｭｳｶﾞｯｺｳﾌｿﾞｸﾖｳﾁｴﾝ,朝鮮幼稚園,811-0202,福岡市東区和白5丁目17-1,,092-606-4611,092-606-4612,1,0,0,99,0,0,0,1,99,1,15100,0,0,0,,,,1,1,0,1,2,2025/09/02 16:20:02
15101,福岡朝鮮初級学校　附属幼稚園　別注,ﾁｮｳｾﾝﾖｳﾁｴﾝ,朝鮮幼稚園　別注,811-0202,福岡市東区和白5丁目17-1,,092-606-4611,092-606-4612,1,0,0,99,0,0,0,1,99,1,15101,0,0,0,,,,1,1,0,1,2,2025/09/02 16:20:33
15102,福岡朝鮮初級学校,ﾌｸｵｶﾁｮｳｾﾝｼｮｷｭｳｶﾞｯｺｳ,朝鮮幼稚園　小学校,811-0202,福岡市東区和白5丁目17-1,,092-606-4611,092-606-4612,1,0,0,99,0,0,0,1,99,1,15102,0,0,0,,,,1,1,0,1,2,2025/09/02 16:20:48
15200,油山幼稚園,ｱﾌﾞﾗﾔﾏﾖｳﾁｴﾝ,油山幼稚園,814-0155,福岡県福岡市城南区東油山４丁目3-13,,092-863-6221,092-863-6222,1,0,0,99,0,0,0,1,99,1,15200,0,0,220,,,"
",0,1,0,1,6,2017/07/05 12:57:20
15201,油山幼稚園　別注,ｱﾌﾞﾗﾔﾏﾖｳﾁｴﾝ ﾍﾞﾂﾁｭｳ,油山幼稚園（別注）,814-0155,福岡県福岡市城南区東油山４丁目3-13,,092-863-6221,092-863-6221,1,0,0,99,0,0,0,1,99,1,15201,0,0,220,,,"
",0,1,0,1,2,2018/06/22 19:21:17
15300,長丘幼稚園,ﾅｶﾞｵｶﾖｳﾁｴﾝ,長丘幼稚園,815-0075,福岡市南区長丘2-23-10,,092-511-1550,092-511-1593,1,0,0,99,0,0,0,1,99,1,15300,0,0,180,,,,1,1,0,1,1,2017/09/16 9:31:07
15400,すみれ保育園,ｽﾐﾚﾎｲｸｴﾝ,すみれ保育園,814-0134,福岡市城南区飯倉1丁目10-18,,092-831-0729,092-831-0732,1,0,0,99,0,0,0,1,99,1,15400,0,0,465,,,,1,1,0,1,3,2018/01/05 11:19:09
15500,社会福祉法人　松月保育園,ｼｬｶｲﾌｸｼﾎｳｼﾞﾝｼｮｳｹﾞﾂﾎｲｸｴﾝ,松月保育園,812-0018,福岡市博多区住吉4-16-7,,092-441-4570,092-441-4570,1,0,0,99,0,0,0,1,99,1,15500,0,0,230,,,,1,1,0,1,2,2018/02/14 15:00:27
15600,ちゃれんじくらぶ,ﾁｬﾚﾝｼﾞｸﾗﾌﾞ,ちゃれんじくらぶ,816-0851,福岡県春日市昇町,3-196-1F,050-3134-5234,,1,0,0,99,0,0,0,1,99,1,15600,0,0,0,,,,1,1,0,1,2,2018/07/17 16:15:42
15700,BeePopインターナショナルキンダーガーテン,BeePopｲﾝﾀｰﾅｼｮﾅﾙｷﾝﾀﾞｰｶﾞｰﾃﾝ,BeePopキンダーガーテン,813-0043,福岡県福岡市東区名島3丁目51-21,クリスタル＆リゾートスカイプレミア１F,092-672-6371,092-672-6371,1,0,0,99,0,0,0,1,99,1,15700,0,0,30010,,,,1,1,0,1,2,2023/04/22 11:04:14
15701,名島BeePop保育園　別注,"ﾅｼﾞﾏﾋﾞｰﾎﾟｯﾌﾟﾎｲｸｴﾝﾍﾞｯﾁｭｳ ",名島BeePop@,813-0043,福岡県福岡市東区名島3丁目51-21,クリスタル＆リゾートスカイプレミア１F,092-672-6371,092-672-6371,1,0,0,99,0,0,0,1,99,1,15701,0,0,90,,,,1,1,0,1,2,2020/02/25 16:14:08
15702,BeePopインターナショナルプリスクール,BeePopｲﾝﾀｰﾅｼｮﾅﾙﾌﾟﾘｽｸｰﾙ,BeePopｲﾝﾀｰﾅｼｮﾅﾙﾌﾟﾘｽｸ,813-0043,福岡県福岡市東区名島2丁目25-1,,092-682-8072,092-985-4392,1,0,0,99,0,0,0,1,99,1,15702,0,0,30011,,,,1,1,0,1,2,2021/06/21 15:35:42
15703,BeePopインターナショナルプリスクール,BeePopｲﾝﾀｰﾅｼｮﾅﾙﾌﾟﾘｽｸｰﾙ,BeePopｲﾝﾀｰﾅｼｮﾅﾙﾌﾟﾘｽｸ,813-0043,福岡県福岡市東区名島2丁目25-1,,092-672-6371,,1,0,0,99,0,0,0,1,99,1,15703,0,0,90,,,,1,1,1,1,6,2019/12/27 15:02:48
15704,BeePopＥｎｇｌｉｓｈ　千早校,BeePopEnglish ﾁﾊﾔｺｳ,BeePopEnglish　千早,813-0043,福岡県福岡市東区名島2丁目25-1,,092-672-6371,,1,0,0,99,0,0,0,1,99,1,15704,0,0,30010,,,,1,1,0,1,7,2021/03/25 15:31:35
15705,BeePopＥｎｇｌｉｓｈ　今宿校,BeePopEnglish ｲﾏｼﾞｭｸｺｳ,BeePopEnglish　今宿校,,,,,,1,0,0,99,0,0,0,1,99,1,15705,0,0,90,,,,1,1,0,1,2,2021/03/24 9:37:09
15800,筑紫野市立山家幼稚園,ﾁｸｼﾉｼﾘﾂﾔﾏｴﾖｳﾁｴﾝ,山家幼稚園,818-0003,福岡県筑紫野市大字山家4341番地,,092-926-1283,,1,0,0,99,0,0,0,1,99,1,15800,0,0,337,,,,1,1,0,1,2,2018/10/24 16:12:03
15801,筑紫野市立山家幼稚園,ﾁｸｼﾉｼﾘﾂﾔﾏｴﾖｳﾁｴﾝ,山家幼稚園,818-0003,福岡県筑紫野市大字山家4341番地,,092-926-1283,,1,0,0,99,0,0,0,1,99,1,15801,0,0,337,,,,1,1,0,1,8,2019/02/27 11:39:16
15802,筑紫野市立山家幼稚園　先生,ﾁｸｼﾉｼﾘﾂﾔﾏｴﾖｳﾁｴﾝ ｾﾝｾｲ,山家幼稚園,818-0003,福岡県筑紫野市大字山家4341番地,,092-926-1283,,1,0,0,99,0,0,0,1,99,1,15802,0,0,337,,,,1,1,0,1,6,2019/05/08 13:22:13
15900,ミニーズ,ﾐﾆｰｽﾞ,ミニーズ,,,,,,1,0,0,99,0,0,0,1,99,1,15900,0,0,0,,,"
",1,1,0,1,2,2018/12/21 15:47:37
16000,合同会社　フレックス（ハーモニー）,ｺﾞｳﾄﾞｳｶｲｼｬ ﾌﾚｯｸｽ(ﾊｰﾓﾆｰ),フレックス（ハーモニー）,816-0964,大野城市南ヶ丘5丁目8-1,,092-287-1436,092-287-2036,1,0,0,99,0,0,0,1,99,1,16000,0,0,309,,,,1,1,0,1,2,2019/01/29 12:30:52
16100,社会福祉法人　田隈会　若杉保育園,ｼｬｶｲﾌｸｼﾎｳｼﾞﾝ ﾀｸﾞﾏｸﾏｶｲ ﾜｶｽｷﾞﾎｲｸ,若杉保育園,8140163,福岡市早良区干隈5丁目23-27,,092-861-0470,,1,0,0,99,0,0,0,1,99,1,16100,0,0,480,,,,1,1,0,1,4,2023/02/08 7:00:51
16200,みんなの保育園,ﾐﾝﾅﾉﾎｲｸｴﾝ,みんなの保育園,811-1213,那珂川市中原2-156,,092-951-2300,,1,0,0,99,0,0,0,1,99,1,16200,0,0,260,,,,1,1,0,1,2,2019/09/02 14:45:16
16300,スマイルキッズ,ｽﾏｲﾙｷｯｽﾞ,スマイルキッズ,812-0018,福岡県福岡市博多区住吉5-18-7,第２山城ビル２F,092-409-6032,,1,0,0,99,0,0,0,1,99,1,16300,0,0,105,,,,1,1,0,1,2,2025/09/02 16:20:59
16302,スマイルキッズ　別注,ｽﾏｲﾙｷｯｽﾞ ﾍﾞｯﾁｭｳ,スマイルキッズ　別注,812-0018,福岡県福岡市博多区住吉5-18-7,第２山城ビル２F,092-409-6032,,1,0,0,99,0,0,0,1,99,1,16302,0,0,105,,,,1,1,0,1,2,2025/09/02 16:21:10
16400,ラビキッズワールド　はかた保育園,ﾗﾋﾞｷｯｽﾞﾜｰﾙﾄﾞ ﾊｶﾀﾎｲｸｴﾝ,ラビｷｯｽﾞﾜｰﾙﾄﾞ,812-0025,福岡市博多区店屋町1-35　,博多三井ビル2号館2Ｆ,092-263-5201,092-263-5202,1,0,0,99,0,0,0,1,99,1,16400,0,0,0,,,"
",1,1,0,1,6,2020/02/18 13:31:13
16500,博多の森保育園,ﾊｶﾀﾉﾓﾘﾎｲｸｴﾝ,博多の森保育園,811-2232,福岡県糟屋郡志免町別府西2-23-25,,092-937-2673,092-937-2673,1,0,0,99,0,0,0,1,99,1,16500,0,0,150,,,,1,1,0,1,2,2020/04/30 11:27:08
16600,学校法人　大原幼稚園,ｶﾞｯｺｳﾎｳｼﾞﾝ ｵｵﾊﾗﾖｳﾁｴﾝ,大原幼稚園,814-0023,,福岡市早良区原団地1-1,092-831-4157,092-831-5168,1,0,0,99,0,0,0,1,99,1,16600,0,0,30010,,,,1,0,0,1,2,2023/04/22 11:05:39
16602,学校法人　大原幼稚園　ちびっこクラブ,ｶﾞｯｺｳﾎｳｼﾞﾝ ｵｵﾊﾗﾖｳﾁｴﾝ ﾁﾋﾞｯｺｸﾗﾌﾞ,大原幼稚園　ちびっこクラブ,814-0023,,福岡市早良区原団地1-1,092-831-4157,092-831-5168,1,0,0,99,0,0,0,1,99,1,16602,0,0,30010,,,,1,0,0,1,2,2021/03/23 9:13:36
16700,光應寺保育園,ｺｳｵｳｼﾞﾎｲｸｴﾝ,光應寺保育園,812-0017,福岡市博多区美野島2丁目6-31,,092-441-9715,,1,0,0,99,0,0,0,1,99,1,16700,0,0,105,,,,0,0,0,1,6,2020/09/09 9:05:21
16800,学校法人清光学園　宝幼稚園,ﾀｶﾗ,宝幼稚園,816-0807,福岡県春日市宝町4-14-1,,092-591-2414,092-591-2415,1,0,0,99,0,0,0,1,99,1,16800,0,0,261,,,,1,1,0,1,6,2021/06/14 10:51:42
16900,社会福祉法人　ゆりの会　あさひ保育園,ｱｻﾋﾎｲｸ,あさひ保育園,814-0144,福岡市城南区梅林4丁目5-27,,092-874-2388,,1,0,0,99,0,0,0,1,99,1,16900,0,0,1,,,,1,0,0,1,2,2022/01/21 13:35:42
17000,飯塚らいむ保育園,ｲｲｽﾞｶﾗｲﾑﾎｲｸｴﾝ,飯塚らいむ保育園,820-0001,福岡県飯塚市鯰田2425-207,,0948-25-6266,,1,0,0,99,0,0,0,1,99,1,17000,0,0,1,,,,1,0,0,1,2,2022/02/09 11:27:47
17100,恵美保育園,ｴﾐﾎｲｸｴﾝ,恵美保育園,815-0033,福岡県福岡市南区大橋2丁目23-20,,092-551-2548,,1,0,0,99,0,0,0,1,99,1,17100,0,0,1,,,,1,1,0,1,6,2022/04/27 9:22:13
17200,南片江保育園,ﾐﾅﾐｶﾀｴﾎｲｸｴﾝ,南片江保育園,814-0143,福岡県福岡市城南区南片江,6-11-7,092-407-1885,,1,0,0,99,0,0,0,1,99,1,17200,0,0,0,,,,1,1,0,1,6,2022/06/01 14:20:24
17300,粕屋わかば保育園,ｶｽﾔ ﾜｶﾊﾞﾎｲｸｴﾝ,粕屋わかば保育園,811-2310,福岡県粕屋郡粕屋町花ヶ浦1丁目6-1,,092-939-6111,092-939-6115,1,0,0,99,0,0,0,1,99,1,17300,0,0,0,,,,1,1,0,1,2,2025/09/08 11:31:57
17400,学校法人福岡幼児学園　紅葉幼稚園,ﾓﾐｼﾞﾖｳﾁｴﾝ,紅葉幼稚園,814-0175,福岡県福岡市早良区田村6-21-7,,092-801-7916,,1,0,0,99,0,0,0,1,99,1,17400,0,0,1,,,,1,0,0,1,2,2022/07/07 12:06:39
17402,学校法人福岡幼児学園　紅葉幼稚園,ﾓﾐｼﾞﾖｳﾁｴﾝ,紅葉幼稚園　　（外税）,814-0175,福岡県福岡市早良区田村6-21-7,,092-801-7916,,1,0,0,99,0,0,0,1,99,1,17400,0,0,1,,,,1,1,0,1,6,2025/09/30 16:08:23
17500,日の里西保育園,ﾋﾉｻﾄﾆｼﾎｲｸｴﾝ,日の里西保育園,811-3425,福岡県宗像市日の里9丁目12-1,,0940-37-2078,0940-36-5132,1,0,0,99,0,0,0,1,99,1,17500,0,0,1,,,,0,1,0,1,6,2022/08/01 14:10:13
17600,シャインスターキッズ,ｼｬｲﾝｽﾀｰｷｯｽﾞ,シャインスターキッズ,811-2246,福岡県糟屋郡志免町志免451-1,,092-936-5510,,1,0,0,99,0,0,0,1,99,1,17600,0,0,155,,,,1,1,0,1,5,2024/11/22 12:44:03
17700,恵愛保育園,ｹｲｱｲﾎｲｸｴﾝ,恵愛保育園,811-4143,福岡県宗像市三郎丸1丁目11-28,,0940-32-3265,0940-35-3992,1,0,0,99,0,0,0,1,99,1,17700,0,0,31,,,,1,1,0,1,2,2024/07/05 11:03:19
17702,恵愛保育園　先生用,ｹｲｱｲﾎｲｸｴﾝ ｾﾝｾｲﾖｳ,恵愛保育園　先生,811-4143,福岡県宗像市三郎丸1丁目11-28,,0940-32-3265,0940-35-3992,1,0,0,99,0,0,0,1,99,1,17702,0,0,1,,,,1,1,0,1,2,2025/09/02 16:21:43
17800,花畑ガーデン保育園,ﾊﾅﾊﾀｶﾞｰﾃﾞﾝﾎｲｸｴﾝ,花畑ガーデン保育園,811-1356,福岡市南区花畑4丁目9-25,,092-981-1704,,1,0,0,99,0,0,0,1,99,1,17800,0,0,0,,,,1,1,0,1,6,2022/08/29 11:10:23
17900,福岡東子ども発達センターさくら園,ﾌｸｵｶﾋｶﾞｼｺﾄﾞﾓﾊｯﾀﾂｾﾝﾀｰ ｻｸﾗｴﾝ,さくら園,811-0206,福岡市東区雁の巣1丁目6-10,,092-692-5987,092-692-5988,1,0,0,99,0,0,0,1,99,1,17900,0,0,17900,,,,1,1,0,1,6,2022/12/01 14:50:56
18000,こゆ保育園,ｺﾕﾎｲｸｴﾝ,こゆ保育園,816-0941,福岡県大野城市東大利1-7-10,,092-286-9217,,1,0,0,99,0,0,0,1,99,1,18000,0,0,0,,,,1,1,0,1,6,2022/11/25 9:49:53
18100,アース保育園　六本松,ｱｰｽﾎｲｸｴﾝ ﾛｯﾎﾟﾝﾏﾂ,アース保育園,810-0044,福岡市中央区六本松2丁目,12-25　1F,092-715-2666,,1,0,0,99,0,0,0,1,99,1,18100,0,0,0,,,,1,1,0,1,5,2022/12/26 10:40:12
18200,しいのみ学園,ｼｲﾉﾐｶﾞｸｴﾝ,しいのみ学園,811-1302,福岡市南区井尻1丁目37-12,,092-572-7519,092-572-7519,1,0,0,99,0,0,0,1,99,1,18200,0,0,0,,,,1,1,0,1,2,2025/09/08 11:31:30
18300,カトリック光丘幼稚園,ｶﾄﾘｯｸﾋｶﾘｶﾞｵｶﾖｳﾁｴﾝ,カトリック光丘,812-0874,福岡市博多区光丘町2-1-25,,0925732231,092-573-8130,1,0,0,99,0,0,0,1,99,1,18300,0,0,30011,,,,1,0,0,1,7,2023/04/03 15:41:15
18301,カトリック光丘幼稚園（別注）,ｶﾄﾘｯｸﾋｶﾘｶﾞｵｶﾖｳﾁｴﾝ()ﾍﾞｯﾁｭｳ,カトリック光丘,812-0874,福岡市博多区光丘町2-1-25,,092-581-0570,,1,0,0,99,0,0,0,1,99,1,18301,0,0,30011,,,,1,0,0,1,7,2023/02/27 10:24:10
18400,福岡中央保育園,ﾌｸｵｶﾁｭｳｵｳﾎｲｸｴﾝ,福岡中央保育園,810-0003,福岡市中央区春吉3丁目26-19,,092-739-7070,,1,0,0,99,0,0,0,1,99,1,18400,0,0,105,,,,1,1,0,1,2,2023/04/26 13:59:55
18500,ことばの森プリスクール,ｺﾄﾊﾞﾉﾓﾘﾌﾟﾘｽｸｰﾙ,ことばの森プリスクール,812-0015,福岡市博多区山王2-12-21,,092-292-2304,,1,0,0,99,0,0,0,1,99,1,18500,0,0,155,,,"
",1,1,0,1,2,2025/09/08 11:34:27
18600,シンキングキッズ,ｼﾝｷﾝｸﾞｷｯｽﾞ,シンキングキッズ,813-0017,福岡市東区香椎照葉3-2-5　2階,,092-673-0783,092-692-4692,1,0,0,99,0,0,0,1,99,1,18600,0,0,0,,,,1,1,0,1,6,2025/09/30 14:23:33
18700,はばたく保育園,ﾊﾊﾞﾀｸﾎｲｸｴﾝ,はばたく保育園,815-0031,福岡市南区清水2丁目7-7,,092-552-8837,,1,0,0,99,0,0,0,1,99,1,18700,0,0,0,,,,1,1,0,1,2,2025/09/08 11:34:40
18800,浄水通り幼児園,ｼﾞｮｳｽｲﾄﾞｵﾘﾖｳｼﾞｴﾝ,浄水通り幼児園,810-0029,福岡市中央区浄水町4-26,,092-523-4456,,1,0,0,99,0,0,0,1,99,1,18800,0,0,0,,,,1,1,0,1,5,2023/03/01 15:19:55
18900,サンシャインイングリッシュスクール,ｻﾝｼｬｲﾝｲﾝｸﾞﾘｯｼｭｽｸｰﾙ,イングリッシュスク―ル,811-1362,福岡市南区長住2-22-12　おとぎビル2F,,092-231-9083,092-231-9083,1,0,0,99,0,0,0,1,99,1,18900,0,0,467,,,,1,1,0,1,2,2025/09/02 16:23:01
19000,レバノン幼稚園,ﾚﾊﾞﾉﾝﾖｳﾁｴﾝ,レバノン幼稚園,812-0873,福岡市博多区西春町,1丁目1番37号,092-581-0528,092-581-0055,1,0,0,99,0,0,0,1,99,1,19000,0,0,370,,,,1,1,0,1,2,2023/06/20 13:27:56
19001,レバノン幼稚園　別注,ﾚﾊﾞﾉﾝﾖｳﾁｴﾝ ﾍﾞｯﾁｭｳ,レバノン幼稚園　別注,812-0873,福岡市博多区西春町,1丁目1番37号,092-581-0528,092-581-0055,1,0,0,99,0,0,0,1,99,1,19001,0,0,370,,,,1,1,0,1,2,2023/07/12 10:50:40
19100,コーナーズインターナショナルスクール,ｺｰﾅｰｽﾞｲﾝﾀｰﾅｼｮﾅﾙｽｸｰﾙ,コーナーズインターナショナル,814-0001,福岡市早良区百道浜3-9-33,グランドメゾン百道浜オーシャン＆フォレスト１F,092-834-8776,092-400-6466,1,0,0,99,0,0,0,1,99,1,19100,0,0,469,,,,1,0,0,1,2,2025/09/02 16:23:14
19200,学校法人淡窓学園　筑紫野幼稚園,ﾁｸｼﾉﾖｳﾁｴﾝ,筑紫野幼稚園,818-0025,福岡県筑紫野市筑紫626,,092-926-4976,,1,0,0,99,0,0,0,1,99,1,19200,0,0,502,,,,1,1,0,1,2,2023/07/11 13:29:05
19300,学校法人　筑紫野中央幼稚園,ﾁｸｼﾉﾁｭｳｵｳﾖｳﾁｴﾝ,筑紫野中央幼稚園,818-0041,福岡県筑紫野市上古賀3-13-1,,092-924-6909,,1,0,0,99,0,0,0,1,99,1,19300,0,0,502,,,,1,1,0,1,2,2023/07/11 13:30:57
19400,月隈小学校　学童,ﾂｷｸﾞﾏｼｮｳｶﾞｯｺｳ ｶﾞ,月隈小　学童,,,,,,1,0,0,99,0,0,0,1,99,1,19400,0,0,0,,,,1,0,0,1,5,2024/01/10 12:00:07
19500,さくら保育園,ｻｸﾗﾎｲｸｴﾝ,さくら保育園,818-0064,福岡県筑紫野市常松339-6,,092-926-6226,,1,0,0,99,0,0,0,1,99,1,19500,0,0,502,,,,1,1,0,1,2,2024/02/01 14:31:03
19502,さくら保育園,ｻｸﾗﾎｲｸｴﾝ,さくら保育園,818-0064,,,092-926-6226,,1,0,0,99,0,0,0,1,99,1,19502,0,0,503,,,,1,1,0,1,5,2024/03/01 15:24:11
19600,みやたけ保育園,ﾐﾔﾀｹﾎｲｸｴﾝ,みやたけ保育園,815-0004,福岡市南区高木2-16-5,,092-572-4585,092-572-4586,1,0,0,99,0,0,0,1,99,1,19600,0,0,0,,,,1,1,0,1,2,2024/02/02 13:33:06
19700,なないろキッズ,ﾅﾅｲﾛｷｯｽﾞ,なないろキッズ,811-3118,古賀市新久保1-15-45,,092-692-7213,092-692-7214,1,0,0,99,0,0,0,1,99,1,19700,0,0,32,,,,1,1,0,1,2,2025/07/08 9:59:52
19750,放課後等ディサービス　バカンス,ﾊﾞｶﾝｽ,バカンス,811-3118,古賀市新久保1-15-44,,070-5078-3786,,1,0,0,99,0,0,0,1,99,1,19750,0,0,33,,,,1,1,0,1,2,2025/09/02 16:23:45
19800,児童発達支援事業所　すてっぷ,ｼﾞﾄﾞｳﾊｯﾀﾂｼｴﾝｼﾞｷﾞｮｳｼｮ ｽﾃｯﾌﾟ,すてっぷ,816-0806,春日市光町2-177-3,,092-284-5088,,1,0,0,99,0,0,0,1,99,1,19800,0,0,339,,,,1,1,0,1,2,2025/09/02 16:23:59
19802,児童発達支援事業所　すてっぷ　先生,ｼﾞﾄﾞｳﾊｯﾀﾂｼｴﾝｼﾞｷﾞｮｳｼｮ ｽﾃｯﾌﾟ ｾﾝｾ,すてっぷ　先生,816-0806,春日市光町2-177-3,,092-284-5088,,1,0,0,99,0,0,0,1,99,1,19802,0,0,339,,,,1,1,0,1,2,2024/09/04 15:57:49
19900,イーズィーピーズィーイングリッシュ保育園,ｲｰｽﾞｨ,イーズィピーズィーイングリッシ,,春日市天神山1-180,,092-575-6839,,1,0,0,99,0,0,0,1,99,1,19900,0,0,340,,,"ご担当者ウェブ様（080-6403-3936）
",1,0,0,1,2,2025/09/10 14:13:05
20000,長丘幼稚園,ﾅｶﾞｵｶﾖｳﾁｴﾝ,長丘幼稚園,815-0075,福岡市南区長丘2-23-10,,092-511-1550,092-511-1593,1,0,0,99,0,0,0,1,99,1,20000,0,0,180,,,,1,1,0,1,2,2017/09/20 14:06:47
20100,愛宕けいあい保育園,ｱﾀｺﾞｹｲｱｲﾎｲｸｴﾝ,愛宕けいあい保育園,819-0015,福岡市西区愛宕4丁目2-28,,092-892-8925,092-892-8927,1,0,0,99,0,0,0,1,99,1,20100,0,0,0,,,,1,1,0,1,2,2024/07/31 16:01:57
20200,さらやま保育園,ｻﾗﾔﾏﾎｲｸｴﾝ,さらやま保育園,811-1365,福岡市南区皿山3丁目11-14,キャッスル皿山１階,092-555-4366,,1,0,0,99,0,0,0,1,99,1,20200,0,0,220,,,,1,1,0,1,2,2025/05/08 10:30:07
20300,クレシュ六本松,ｸﾚｼｭﾛｯﾎﾟﾝﾏﾂ,クレシュ六本松,810-0045,福岡市中央区草香江2丁目1,,092-716-7080,092-716-7081,1,0,0,99,0,0,0,1,99,1,20300,0,0,170,,,,1,1,0,1,5,2024/12/16 17:15:21
20400,アンクラス,ｱﾝｸﾗｽ,アンクラス,816-0873,福岡県春日市日の出町2丁目27-205号,,092-791-2272,,1,0,0,99,0,0,0,1,99,1,20400,0,0,20400,,,,1,1,0,1,2,2025/06/23 9:40:23
20500,学校法人　福岡聖マリア学園　二日市カトリック幼稚園,ﾌﾂｶｲﾁｶﾄﾘｯｸﾖｳﾁｴﾝ,二日市カトリック幼稚園,,福岡県太宰府市朱雀4丁目14-2,,092-924-5100,092-915-5109,1,0,0,99,0,0,0,1,99,1,20500,0,0,336,,,,0,1,0,1,4,2025/07/17 15:15:58
20600,こころ保育園,ｺｺﾛﾎｲｸｴﾝ,こころ保育園,816-0863,福岡県春日市須玖南5-12-1F,,092-558-8833,,1,0,0,99,0,0,0,1,99,1,20600,0,0,264,,,,0,1,0,1,4,2025/09/09 9:27:27
20700,つるた保育園,ﾂﾙﾀﾎｲｸｴﾝ,つるた保育園,811-1352,福岡市南区鶴田3-1-7,ビラ・コースト102号,092-710-3316,092-710-3316,1,0,0,99,0,0,0,1,99,1,20700,0,0,260,,,,1,1,0,1,2,2025/09/22 11:00:40
20702,つるた保育園　先生,ﾂﾙﾀﾎｲｸｴﾝ ｾﾝｾｲ,つるた保育園　先生,8111352,福岡市南区鶴田3-1-7,ビラ・コースト102号,092-710-3316,092-710-3316,1,0,0,99,0,0,0,1,99,1,20702,0,0,261,,,,1,1,0,1,6,2025/10/09 11:52:45
30000,福岡セントラル　マリア,ﾌｸｵｶｾﾝﾄﾗﾙ ﾏﾘｱ,セントラル　マリア,,,,,,1,0,0,99,0,0,0,1,99,1,30000,0,0,30000,,,,1,1,0,1,2,2017/09/20 13:34:14
30001,福岡セントラル　はこぶね,ﾌｸｵｶｾﾝﾄﾗﾙ ﾊｺﾌﾞﾈ,セントラル　はこぶね,,,,,,1,0,0,99,0,0,0,1,99,1,30001,0,0,30001,,,,1,1,0,1,2,2017/12/04 9:43:48
30002,福岡セントラル　舞の里,ﾌｸｵｶｾﾝﾄﾗﾙ ﾏｲﾉｻﾄ,セントラル　舞の里,,,,,,1,0,0,99,0,0,0,1,99,1,30002,0,0,30002,,,,-1,1,0,1,2,2017/09/20 13:34:48
30003,福岡セントラル　春日やよい,ﾌｸｵｶｾﾝﾄﾗﾙ ﾔﾖｲ,セントラル　やよい,,,,,,1,0,0,99,0,0,0,1,99,1,30003,0,0,30003,,,,-1,1,0,1,2,2017/09/20 13:35:01
30004,福岡セントラル　筑紫野,ﾌｸｵｶｾﾝﾄﾗﾙ ﾁｸｼﾉ,セントラル　筑紫野,,,,,,1,0,0,99,0,0,0,1,99,1,30004,0,0,30004,,,,-1,1,0,1,2,2017/09/20 13:35:19
30005,セントラル　BeePop,セントラル　BeePop,セントラル　BeePop,813-0043,福岡県福岡市東区名島2丁目25-1,,092-672-6371,,1,0,0,99,0,0,0,1,99,1,30005,0,0,30005,,,,1,1,0,1,2,2019/03/25 15:44:50
30006,基山バディ認定こども園,ｷﾔﾏﾊﾞﾃﾞｨﾆﾝﾃｲｺﾄﾞﾓｴﾝ,基山バディ認定こども園,,,,,,1,0,0,99,0,0,0,1,99,1,30006,0,0,30006,,,,1,1,0,1,7,2023/10/30 14:02:42
30007,福岡セントラル　ぶろっこりーの森,ﾌｸｵｶｾﾝﾄﾗﾙ ﾌﾞﾛｯｺﾘｰﾉﾓﾘ,セントラル　ぶろ森,,,,5896155,5896156,1,0,0,99,0,0,0,1,99,1,30007,0,0,30007,,,,-1,1,0,1,7,2024/05/01 10:17:40
30008,福岡セントラル　下白水保育園,ﾌｸｵｶｾﾝﾄﾗﾙ ｼﾓｼﾛｳｽﾞﾎｲｸ,セントラル　下白水,,,,,,1,0,0,99,0,0,0,1,99,1,30008,0,0,30008,,,,-1,1,0,1,2,2020/08/20 15:09:03
30009,スマイルぶろっこりー,ｽﾏｲﾙﾌﾞﾛｯｺﾘｰ,スマイルぶろっこりー,,,,,,1,0,0,99,0,0,0,1,99,1,30009,0,0,29999,,,,-1,1,0,1,2,2022/05/23 13:56:55
30010,福岡セントラル　にじの森保育園,ﾆｼﾞﾉﾓﾘﾎｲｸｴﾝ,セントラル　にじの森,816-0851,春日氏昇町4丁目79,,092-592-9300,,1,0,0,99,0,0,0,1,99,1,30010,0,0,30010,,,,1,1,0,1,2,2025/09/08 11:36:41
30011,福岡セントラル　博多東幼稚園,ﾊｶﾀﾋｶﾞｼﾖｳﾁｴﾝ,セントラル　博多東,,,,,,1,0,0,99,0,0,0,1,99,1,30004,0,0,30004,,,,-1,1,0,1,7,2023/04/11 16:54:16
30012,あいくる保育園,ｱｲｸﾙﾎｲｸｴﾝ,あいくる保育園,811-1323,福岡市南区弥永3-3-1,,092-588-0004,,1,0,0,99,0,0,0,1,99,1,30012,0,0,30012,,,,1,1,0,1,2,2025/09/08 11:31:04
30013,福岡セントラル　ふくろうの森保育園,"ﾌｸﾛｳﾉﾓﾘﾎｲｸｴﾝ ",セントラル　ふくろうの森,811-1213,那珂川市中原2-124-2Fオーデブラン博多南,,092-953-7800,,1,0,0,99,0,0,0,1,99,1,30013,0,0,30013,,,,1,1,0,1,2,2025/09/08 11:31:14
30014,福岡セントラル　バディ博多南,ｾﾝﾄﾗﾙ ﾊﾞﾃﾞｨﾊｶﾀﾐﾅﾐﾌｸｵｶ,セントラル　バディ博多南,,,,,,1,0,0,99,0,0,0,1,99,1,30003,0,0,29999,,,,-1,1,0,2,7,2024/03/19 17:27:10
30020,内浜保育園,ｳﾁﾊﾏﾎｲｸｴﾝ,内浜保育園,819-0001,福岡市西区小戸4丁目13-10,,092-881-3037,092-894-2992,1,0,0,99,0,0,0,1,99,1,30020,0,0,30013,,,,1,1,0,1,2,2023/12/15 18:00:19
30021,学校法人　清洋学園　泉ヶ丘幼稚園,ｶﾞｯｺｳﾎｳｼﾞﾝ ｾｲﾖｳｶﾞｸｴﾝ ｲｽﾞﾐｶﾞｵｶｹ,泉ヶ丘幼稚園,816-0853,春日市泉2丁目2番,,092-574-4154,092-574-4157,1,0,0,99,0,0,0,1,99,1,30021,0,0,30021,,,,1,0,0,1,7,2024/05/07 16:58:44
30022,泉ヶ丘幼稚園　ぺんぎん組,ｲｽﾞﾐｶﾞｵｶﾖｳﾁｴﾝ ﾍﾟﾝｷﾞﾝｸﾐ,泉ヶ丘幼稚園ぺんぎん組,816-0853,春日市泉2丁目2番,,092-574-4154,092-574-4157,1,0,0,99,0,0,0,1,99,1,30022,0,0,30022,,,,1,0,0,1,7,2024/05/10 9:30:09
30023,泉ヶ丘幼稚園　ホームクラス,ｲｽﾞﾐｶﾞｵｶ ﾎｰﾑｸﾗｽ,泉ヶ丘幼稚園　ホームクラス,816-0853,春日市泉2丁目2番,,092-574-4154,092-574-4157,1,0,0,99,0,0,0,1,99,1,30023,0,0,30023,,,,1,0,0,1,2,2024/06/18 11:50:27
30024,泉ヶ丘幼稚園　ホームクラス　先生,ｲｽﾞﾐｶﾞｵｶ ﾎｰﾑｸﾗｽ ｾﾝｾｲ,泉ヶ丘幼稚園　ホームクラス,816-0853,春日市泉2丁目2番,,092-574-4154,092-574-4157,1,0,0,99,0,0,0,1,99,1,30024,0,0,30023,,,,1,0,0,1,2,2024/06/18 11:50:43
40000,スマイルぶろっこりー,ｽﾏｲﾙﾌﾞﾛｯｺﾘｰ,スマイルぶろっこりー,,,,,,1,0,0,99,0,0,0,1,99,1,40000,0,0,40000,,,,1,1,0,1,7,2024/07/18 12:04:16
40050,福岡セントラル　ぶろっこりーの森,ﾌｸｵｶｾﾝﾄﾗﾙ ﾌﾞﾛｯｺﾘｰﾉﾓﾘ,セントラル　ぶろ森,,,,5896155,5896156,1,0,0,99,0,0,0,1,99,1,40050,0,0,40050,,,,-1,1,0,1,7,2024/07/17 17:28:57
40100,学校法人　清洋学園　泉ヶ丘幼稚園,ｶﾞｯｺｳﾎｳｼﾞﾝ ｾｲﾖｳｶﾞｸｴﾝ ｲｽﾞﾐｶﾞｵｶｹ,泉ヶ丘幼稚園,816-0853,春日市泉2丁目2番,,092-574-4154,092-574-4157,1,0,0,99,0,0,0,1,99,1,40100,0,0,40100,,,,1,0,0,2,2,2024/10/29 14:24:40
40102,泉ヶ丘幼稚園　ぺんぎん組,ｲｽﾞﾐｶﾞｵｶﾖｳﾁｴﾝ ﾍﾟﾝｷﾞﾝｸﾐ,泉ヶ丘幼稚園ぺんぎん組,816-0853,春日市泉2丁目2番,,092-574-4154,092-574-4157,1,0,0,99,0,0,0,1,99,1,40102,0,0,40102,,,,1,0,0,1,7,2024/07/17 17:31:21
40103,泉ヶ丘幼稚園　ホームクラス,ｲｽﾞﾐｶﾞｵｶ ﾎｰﾑｸﾗｽ,泉ヶ丘幼稚園　ホームクラス,816-0853,春日市泉2丁目2番,,092-574-4154,092-574-4157,1,0,0,99,0,0,0,1,99,1,40103,0,0,40103,,,,1,0,0,1,7,2024/07/17 17:31:53
40104,泉ヶ丘幼稚園　ホームクラス　先生,ｲｽﾞﾐｶﾞｵｶ ﾎｰﾑｸﾗｽ ｾﾝｾｲ,泉ヶ丘幼稚園　ホームクラス先生,816-0853,春日市泉2丁目2番,,092-574-4154,092-574-4157,1,0,0,99,0,0,0,1,99,1,40104,0,0,40104,,,,1,0,0,1,2,2025/07/15 10:28:16
40150,学校法人　大原幼稚園,ｶﾞｯｺｳﾎｳｼﾞﾝ ｵｵﾊﾗﾖｳﾁｴﾝ,大原幼稚園,814-0023,,福岡市早良区原団地1-1,092-831-4157,092-831-5168,1,0,0,99,0,0,0,1,99,1,40150,0,0,40150,予備,3,,1,1,0,1,2,2025/09/10 13:53:33
40152,学校法人　大原幼稚園　ちびっこクラブ,ｶﾞｯｺｳﾎｳｼﾞﾝ ｵｵﾊﾗﾖｳﾁｴﾝ ﾁﾋﾞｯｺｸﾗﾌﾞ,大原幼稚園　ちびっこクラブ,814-0023,,福岡市早良区原団地1-1,092-831-4157,092-831-5168,1,0,0,99,0,0,0,1,99,1,40152,0,0,40152,,,,1,1,0,1,7,2024/07/17 17:33:26
40200,春日小鳩幼稚園,コバト,春日小鳩幼稚園,816-0861,福岡県春日市岡本１−８６,,092-581-5905,092-581-5771,1,0,0,99,0,0,0,1,99,1,40200,0,0,40200,,,,1,1,0,1,7,2024/07/17 17:33:45
40201,春日小鳩幼稚園（別注）,コバト,春日小鳩幼稚園（別注）,,,,092-581-5905,092-581-5771,1,0,0,99,0,0,0,1,99,1,40201,0,0,40201,,,,1,1,0,1,7,2024/07/17 17:34:12
40250,かなやま幼稚園,ｶﾅﾔﾏﾖｳﾁｴﾝｶﾅﾔﾏ,かなやま幼稚園,814-0114,福岡市城南区金山団地23-1,,092-871-1463,092-871-2900,1,0,0,99,0,0,0,1,99,1,40250,0,0,40250,,,,0,1,0,1,7,2024/07/17 17:34:33
40300,GREEN　HILLSほいくえん,ｸﾞﾘｰﾝﾋﾙｽﾞﾎｲｸｴﾝS,GREEN　HILLSほいくえん,812-0893,福岡市博多区那珂6丁目23-1ららぽーと4F,,092-586-6703,,1,0,0,99,0,0,0,1,99,1,40300,0,0,40300,,,,1,1,0,1,7,2024/07/10 15:00:39
40350,学校法人　石田学園　山王幼稚園,サンノウ,山王幼稚園,812-0015,福岡県福岡市博多区山王１−５−３６,,092-441-2800,092-472-1390,1,0,0,99,0,0,0,1,99,1,40350,0,0,40350,,,,1,1,0,1,7,2024/07/17 17:35:05
40351,山王幼稚園　（別注）,サンノウ,山王幼稚園　（別注）,,,,092-441-2800,092-472-1390,1,0,0,99,0,0,0,1,99,1,40351,0,0,40351,,,,1,1,0,1,7,2024/07/17 17:36:45
40400,福岡インターナショナルアイスクール幼稚園,ｱｲｽｸｰﾙﾖｳﾁｴﾝ,アイスクール幼稚園,819-0041,福岡市西区拾六町1丁目15-5,,092-892-8155,092-892-8055,1,0,0,99,0,0,0,1,99,1,40400,0,0,40400,,,,0,1,0,1,8,2025/04/11 14:57:07
40450,恵星幼稚園,ｹｲｾｲﾖｳﾁｴﾝ,恵星幼稚園,816-0802,福岡県春日市春日原北町4丁目23番地,,092-501-7635,092-501-7645,1,0,0,99,0,0,0,1,99,1,40450,0,0,40450,,,,1,1,0,1,8,2025/04/14 13:21:28
40500,一般社団法人　やまもも会　どんぐり保育園,ｲｯﾊﾟﾝｼｬﾀﾞﾝﾎｳｼﾞﾝﾔﾏﾓﾓｶｲﾄﾞﾝｸﾞﾘﾎｲｸ,どんぐり保育園,811-1242,那珂川市西隈1丁目10-16,,092-953-0655,,1,0,0,99,0,0,0,1,99,1,40500,0,0,40500,,,,0,1,0,1,8,2025/03/15 16:05:15
40550,クレシュ六本松,ｸﾚｼｭﾛｯﾎﾟﾝﾏﾂ,クレシュ六本松,810-0045,福岡市中央区草香江2丁目15-5,,092-716-7080,092-716-7081,1,0,0,99,0,0,0,1,99,1,40550,0,0,40550,,,,1,1,0,1,7,2025/04/11 8:54:00
40600,いずみ幼稚園,ｲｽﾞﾖｳﾁｴﾝ,いずみ幼稚園,809-0022,福岡市西区福重1-4-20,,092-881-1452,,1,0,0,99,0,0,0,1,99,1,40600,0,0,40600,,,,1,1,0,1,2,2025/09/02 16:25:12
40650,くりのみ保育園,ｸﾘﾉﾐﾎｲｸｴﾝ,くりのみ保育園,811-1201,那珂川市片縄1丁目68,,092-953-5675,,1,0,0,99,0,0,0,1,99,1,40650,0,0,40650,,,,0,1,0,1,2,2025/09/08 11:28:56
40700,オハナ保育園　長住,ｵﾊﾅﾎｲｸｴﾝ ﾅｶﾞｽﾞﾐ,オハナ保育園　長住,811-1362,福岡県南区長住3丁目70番,,092-984-3878,,1,0,0,99,0,0,0,1,99,1,40700,0,0,40700,,,,1,1,0,1,8,2025/10/09 12:59:32
40750,オハナ保育園　春日,ｵﾊﾅﾎｲｸｴﾝ ｶｽｶﾞ,オハナ保育園　春日,816-0846,福岡県春日市下白水南3丁目101番,,092-985-4207,,1,0,0,99,0,0,0,1,99,1,40750,0,0,40750,,,,1,1,0,1,8,2025/10/09 13:04:39
40800,オハナ保育園　一の谷,ｵﾊﾅﾎｲｸｴﾝ ｲﾁﾉﾀﾆ,オハナ保育園　一の谷,816-0852,福岡県春日市一の谷1丁目74番,,092-558-9841,,1,0,0,99,0,0,0,1,99,1,40800,0,0,40800,,,,1,1,0,1,8,2025/10/09 13:23:15
